2353-4362,14
1506-5790,8
2299-7164,7
2081-3678,2
0065-0927,8
0065-0951,14
1234-4125,14
1898-8091,6
1234-950X,10
0001-5229,11
0065-0986,9
0860-6102,11
2082-1867,8
0065-1044,14
1230-3976,9
1234-5563,12
1643-3912,3
1895-5738,7
1509-5703,6
1730-9980,4
2300-3022,6
1230-7777,7
0065-1249,11
1897-5100,5
0001-5814,14
2082-4459,6
2300-5599,8
2083-4373,6
1898-4088,14
0001-625X,14
1509-1619,8
1730-7503,12
0001-6594,14
0065-1524,8
1899-2358,12
2299-9981,5
1427-549X,13
1644-0749,9
1644-0625,11
1644-065X,6
1644-0668,8
1644-0676,4
1644-0765,10
1644-0722,6
1644-0684,6
1644-0730,15
1644-0714,10
1644-0633,11
1644-0757,15
2300-1739,7
2080-5497,7
1427-969X,6
1427-9665,6
1427-9681,8
0208-6018,14
0208-600X,8
1730-2366,6
0208-6050,8
1731-8025,8
1427-9711,3
1508-1117,8
0208-6069,4
0860-7435,4
0208-6077,4
1505-9057,12
1505-9065,6
0208-6107,6
0860-6587,8
0860-1232,7
1689-8966,5
0137-6616,3
2080-0339,7
0137-1150,13
0860-0716,12
2084-252X,4
0524-4544,7
2299-6060,13
1896-9461,11
2083-9782,6
2300-0783,6
1896-0049,8
0867-5953,5
1898-942X,5
2300-715X,5
2081-8580,5
0137-4478,6
1730-2439,11
2080-4075,9
1234-0278,6
2299-4157,11
2083-1587,10
0208-6220,10
1898-763X,4
1641-9227,7
2299-744X,4
1641-5728,3
1427-3101,9
2392-1420,6
1731-9404,3
2353-818X,7
1734-7572,6
0867-4361,13
1642-4530,7
2300-8164,6
1896-3102,2
1506-8900,7
2082-8993,11
1642-5758,13
2084-4409,8
0209-0864,12
2084-2147,5
1509-0957,7
1509-4650,4
1734-9923,10
1898-0732,8
0301-7966,9
0860-5734,8
0303-4135,5
0208-5607,8
1427-440X,9
1643-6539,2
1895-0620,8
0860-2107,9
1731-6170,7
1734-4557,7
0137-6861,5
0365-1118,9
0239-426X,6
1428-9512,12
0458-4317,7
1233-2127,6
0137-1983,9
0066-2232,9
1732-1360,6
0239-4243,7
0137-2025,8
0365-1029,8
0459-9586,11
0867-2040,8
1732-1352,7
2081-1861,7
2082-0917,3
2084-5456,7
2299-2103,3
1689-9911,6
2083-1765,8
2081-3333,7
2449-5239,3
2083-7267,4
2082-0909,5
2080-9751,5
2081-3325,7
2083-7275,8
2081-3341,5
2081-1853,8
2081-545X,7
2353-4583,6
2084-5596,6
2081-6642,8
1899-2226,10
2299-0631,15
1898-8784,7
1898-6730,10
1898-8830,12
1898-8857,14
1898-5912,10
1899-5942,4
1640-8632,13
2353-6306,3
1898-6773,15
1730-9549,7
1898-5203,3
1731-0652,9
1733-6996,4
1426-9600,10
1233-7234,14
1895-3735,11
1425-3534,5
2080-9638,7
1899-0142,11
1429-7507,9
1641-5159,7
0004-0738,15
(null),7
1230-2945,15
1230-2384,15
1427-4221,13
1897-3310,15
1231-3726,14
1897-2764,13
2391-7369,7
0860-7001,14
1505-0580,10
2083-6120,12
1509-2046,12
1231-0956,13
0866-9546,14
1899-8208,11
0208-4198,12
1895-9075,10
0518-3766,10
1425-9893,4
2084-3550,8
2082-3304,6
2083-2214,7
0066-6874,10
0860-1844,7
1897-4007,4
0066-6890,12
0324-8267,12
2083-6635,7
1642-168X,13
2083-1226,7
1731-6340,6
1641-9278,8
2081-4798,5
2299-811X,4
2449-6170,8
0208-841X,6
1234-9224,14
2082-6044,3
1732-6125,4
1895-6920,3
0208-9041,4
2391-7814,4
1505-2192,14
0137-3668,6
2353-8694,8
1509-5878,7
1429-3447,5
2082-4149,5
2082-7598,13
1643-692X,6
2081-6014,5
0067-2815,5
0239-4278,10
1643-0115,11
2080-1297,11
2081-7533,9
2300-4746,3
0137-6934,14
0137-5520,14
1643-9708,3
1644-9398,14
1732-1220,7
2353-8872,2
1895-8443,13
1896-4923,6
2081-4224,6
0137-7043,7
1899-6264,6
1429-2939,13
1232-7468,8
2081-2515,6
1641-6961,9
2082-9701,9
1689-7404,8
1425-1930,9
1689-5150,9
1506-3615,8
2299-565X,4
2081-4461,8
2084-5731,3
2300-2689,5
0137-9895,4
1640-7806,7
1734-6576,9
1895-9091,8
1898-9403,7
1897-2810,13
1644-7700,13
(null),9
1896-3811,12
0860-7796,13
2084-0136,8
0006-3940,7
1733-0297,6
2081-2752,3
1641-0033,6
0006-3967,15
1233-2224,9
0373-7837,6
0867-583X,11
2082-8756,1
0079-3493,8
1640-4491,4
2082-9892,2
0006-4017,4
0867-6143,12
1896-7205,1
1507-1383,4
0032-3802,13
2084-5383,4
2083-7755,7
1896-8406,10
1731-1438,6
1731-1829,6
1643-0700,7
2299-8403,4
1234-5865,7
(null),5
1642-9893,13
1640-324X,6
0365-9445,6
1234-5342,5
1899-0665,6
2081-3279,5
1428-8516,5
2299-8535,6
1896-0642,4
0459-6854,14
1732-4254,15
2080-7686,12
0239-7269,13
2300-4681,6
(null),5
1427-2385,6
(null),8
2300-1682,9
1899-5101,9
2080-0886,14
2300-9705,12
2080-4806,14
2082-8500,7
2082-2863,8
0009-2886,8
2083-7097,5
1640-9019,9
0009-479X,5
2300-7893,6
1895-6874,4
1507-5524,8
0009-4919,6
1733-2346,7
2080-752X,9
0137-706X,10
1730-3788,3
0009-6172,8
1896-9038,7
0137-3676,10
2080-5187,9
1428-2631,7
1505-8913,9
2392-1099,7
2081-7029,6
2080-7147,14
1733-0319,8
0239-6815,3
0867-5791,9
2081-6774,8
1896-3455,4
1731-0555,7
2081-3813,8
1896-7701,8
2300-9896,13
2080-1211,9
1896-0782,13
1508-2008,15
0866-9449,5
2080-5926,7
2353-3420,5
2084-6096,11
1505-0602,11
1508-4248,6
2299-3649,14
1641-8581,12
1508-2806,12
2450-0054,5
1897-9254,13
(null),5
2080-8216,6
0324-8569,14
1897-1415,3
1897-1423,5
2196-8403,7
2300-1240,7
2299-4335,6
1732-0917,12
(null),6
0137-2815,4
1927-7296,10
2081-1632,11
2353-4192,12
2084-980X,8
2081-3910,7
2084-1892,10
2299-906X,6
1732-5641,9
0867-2148,12
1233-2755,2
0045-9453,5
2300-5130,9
1506-1817,7
0070-2471,9
1425-6460,11
0011-4553,12
0011-4561,13
0239-3271,9
0137-3617,7
1734-5537,10
1230-4492,6
2299-7458,6
1233-2445,6
1428-7129,3
1896-8325,8
1733-0092,11
0420-1213,11
1644-387X,11
2082-4246,4
1732-0801,7
2082-999X,1
1507-661X,4
2081-0105,2
2080-1157,2
1428-345X,13
2084-4441,10
1732-0844,3
1641-6414,11
0867-4043,10
0012-2041,10
1730-8003,7
1234-5792,9
0208-8916,10
1733-7941,7
1233-0477,14
1895-4464,6
1509-9415,8
1509-9407,9
1509-9423,6
1730-0274,9
1427-2008,4
1732-7636,5
0209-1763,5
0012-6357,5
2080-587X,5
2081-4674,3
2083-3156,7
2353-1347,4
1234-3862,13
1733-1528,6
2084-2740,10
1644-6526,9
2082-8322,5
1427-9657,5
1731-0679,6
1509-9873,9
1642-3593,15
1898-6188,11
1644-7298,13
1642-2597,13
2083-3725,8
2071-789X,14
2084-5715,12
2353-4877,6
1732-4084,4
(null),6
0239-6858,12
2080-9069,9
1643-8779,8
1230-929X,11
1734-087X,12
1896-2327,9
2083-8972,5
0860-3839,5
1507-4943,7
2299-4106,7
1231-0336,5
1507-6563,14
2299-7466,6
1734-039X,14
1897-7979,9
1230-462X,3
1507-3866,14
2084-4093,6
1898-2255,12
0867-8898,12
2080-9646,11
2082-4440,7
2081-321X,7
2353-8929,11
0137-3056,13
0860-6846,12
0013-3205,12
2083-0874,5
1427-3519,8
1896-4672,8
1505-0297,12
1897-3426,11
1642-8722,6
0033-2089,8
1508-7719,7
1731-6758,15
2299-145X,3
1730-0282,9
0013-7294,4
1429-7248,7
0867-888X,15
2353-883X,12
(null),6
1734-4964,9
0012-7825,13
2299-7784,6
2081-4801,5
1895-4421,5
(null),10
1689-765X,14
1508-6305,11
1643-1243,12
2084-2546,10
2084-9257,7
0137-4079,13
0860-8024,12
2083-6228,5
0071-1861,12
0860-8032,13
0079-3566,11
0014-2263,10
2081-8742,7
1428-278X,7
1429-7132,12
(null),11
2353-1029,7
1898-5238,10
1231-1952,14
1895-0396,11
2450-0232,3
2353-6969,5
1231-0158,4
1899-3109,8
2084-1698,8
1734-3402,12
1230-3321,6
0014-8261,8
1899-2293,5
1234-8279,8
0044-4413,9
2081-7738,8
1731-7541,7
1426-3777,5
1642-3267,7
2082-9310,7
1734-4530,6
2300-4711,4
2299-1875,6
(null),5
1899-4822,12
1232-0307,7
1733-2842,9
1230-8323,7
1642-0136,10
1230-2376,6
2353-7752,9
0071-6677,14
0867-8294,9
0867-1761,14
(null),4
1506-7629,14
2300-5432,6
0015-5616,10
0071-6731,4
0071-674X,9
1730-4237,11
0015-5675,11
1231-0913,8
2081-1284,10
2081-0644,9
0239-8524,10
0015-573X,5
1641-3792,6
0867-3888,11
0071-6863,12
0079-4708,5
1426-2630,12
1733-1986,9
1899-5829,7
1640-8624,4
2353-2912,5
1732-1301,5
1897-3590,3
1899-3338,5
1734-1558,11
0867-0323,12
2083-6325,10
1426-1898,13
2081-688X,11
2300-5947,7
2083-7763,4
1641-1196,9
2081-2450,6
2082-0623,5
0867-6356,15
2080-7279,10
1899-4261,2
0860-4088,12
0015-9301,13
1640-629X,12
1230-4832,4
0208-6573,14
1230-4719,5
2081-1020,4
2080-9956,3
0016-5352,11
1230-9923,3
1898-1127,8
2084-2902,4
1730-4652,4
1734-5669,7
1734-5677,3
2300-8318,3
2084-1469,9
2080-6736,13
0016-7282,15
(null),6
1642-2511,6
1689-6440,7
1895-0426,4
1426-8981,14
2299-8004,14
1898-1135,11
2300-1496,6
2190-5193,10
1731-0830,8
1898-7486,6
0435-5865,14
1425-4956,9
2391-4653,4
1896-3315,5
1508-0102,6
1730-3419,4
2080-2951,8
1233-4634,11
0072-4769,12
2084-7904,4
1643-5435,7
1231-2037,8
0367-4916,7
0867-0005,14
1509-5576,7
1429-3730,9
0017-2448,9
0043-2075,7
0072-5013,6
2084-4107,7
0867-7115,4
0438-5403,12
1899-7988,6
2353-6942,8
2353-4184,12
2081-0768,8
0239-8818,13
0018-0599,14
2299-5609,9
2084-1302,4
1899-5160,10
2299-2464,7
2084-1213,4
0073-277X,13
1730-1270,11
1895-3883,3
2080-4555,9
1896-1770,2
2082-5897,7
1643-9171,13
1732-3991,14
2353-3145,6
2082-971X,6
1234-4087,7
2300-5327,14
1643-7446,8
1230-3534,7
1731-9668,3
1505-3954,7
1642-1817,6
1509-1945,8
0860-4487,9
1730-2064,8
1425-140X,9
2081-4054,6
1896-1444,3
2080-8011,3
1899-2722,7
2083-1382,2
2084-5073,3
2084-5537,5
1507-3858,12
2083-0157,7
1732-5587,10
2300-3243,2
1640-8160,7
1640-3622,10
2300-5874,4
1734-2406,6
2300-391X,9
2080-5268,10
2300-6102,10
1425-1655,15
1643-5494,14
0867-6747,15
2299-9701,12
2080-8755,7
2083-0025,6
1641-9251,11
1232-9142,6
1877-3095,11
1734-624X,7
1641-4233,11
2299-5749,5
1689-4286,9
1689-9601,5
1426-188X,9
1231-1103,3
2300-1410,4
1730-1432,3
2081-139X,9
0368-0827,7
0021-0315,7
1505-3695,9
1426-708X,6
0208-6247,13
1640-4920,9
0867-4299,6
1426-1723,8
2084-9494,3
1644-0420,5
2300-0767,5
2084-4514,9
1507-7241,11
(null),5
1429-3803,9
1897-5577,11
1427-6682,6
2080-3400,6
1232-9657,12
2084-5111,5
1896-9585,5
0446-7965,8
1897-0389,6
1733-3911,9
1734-8412,12
1899-5241,13
1425-6908,9
1507-0360,10
1689-9636,4
2299-9965,9
2083-2567,10
1897-8649,12
1332-9049,14
2353-7205,5
2081-5735,7
(null),8
2299-8993,12
2082-2634,4
1732-1948,12
2081-1640,13
(null),7
2299-7326,14
2299-9728,10
2084-0497,3
(null),5
2083-389X,10
2300-5009,14
2080-0150,11
2071-8330,10
1895-8281,8
1231-4005,14
2299-8470,8
1895-7595,14
1899-8968,13
2300-3596,6
1642-6037,8
2353-9798,10
1734-2031,9
2084-7971,5
1427-4345,15
1231-3998,3
2084-5316,9
2083-103X,10
2083-4187,12
1898-2395,10
2084-7998,6
2299-9140,11
2299-3711,8
1642-686X,12
2300-1364,10
1509-4553,12
2299-2634,6
1689-6017,4
2084-8404,10
1429-7426,14
2353-9917,4
2353-2327,4
1230-0446,5
1731-5530,14
1643-7713,3
1643-9961,4
1731-2280,3
0209-1291,4
1643-2444,7
1730-072X,6
1508-1583,2
0023-2157,10
1230-7637,3
1643-8191,13
1230-9427,5
1505-8530,3
2080-3532,5
2299-5382,5
0023-3196,10
1230-641X,5
2299-890X,6
2353-1983,6
1426-790X,5
2083-6929,7
2083-7658,8
2300-6471,4
2300-6277,3
1230-6142,13
0452-5027,7
2300-4673,4
2084-9265,4
0023-4249,12
0208-7928,8
2080-1238,5
1689-5088,5
1233-2135,6
2081-9463,6
1643-6911,5
1733-2680,9
2084-4115,13
0454-5451,5
2392-0963,6
1897-1555,12
1730-3125,1
2080-1084,8
0137-3129,3
1642-5782,6
1427-3098,5
1898-7265,8
2299-4033,6
1230-266X,12
1642-9826,8
1899-4466,8
0023-5172,14
2299-7806,7
2083-2923,7
1644-8340,10
1230-4808,11
(null),8
2300-0422,10
2391-470X,3
0023-5865,11
1897-7065,7
1230-7556,4
0452-9502,13
1230-4050,5
0023-589X,6
1899-3044,8
0023-5903,11
2081-5441,2
2082-0976,9
2083-7186,4
2353-7094,5
1896-656X,9
2081-7002,2
2082-7067,8
2084-5294,8
1733-3156,7
0023-5911,12
0023-592X,5
1895-8427,5
1509-877X,6
1230-7173,8
1642-9591,4
1733-0777,3
2392-1838,4
1640-8365,5
2353-4745,6
2084-4697,4
1643-7381,2
1429-799X,8
2083-120X,5
2082-9299,5
2080-9670,4
2082-9221,4
1733-4101,6
1895-9024,1
2082-6184,4
1231-028X,4
1426-2088,6
0024-0745,6
1732-9442,13
1642-5952,12
1230-3143,5
1231-5370,2
2080-1068,13
2084-3062,8
1731-6332,9
1896-2122,13
2080-4814,13
0867-7441,11
0024-4708,11
1897-340X,1
(null),8
1899-315X,10
1234-4214,10
2190-9288,10
1895-6106,11
1895-2038,13
1734-2015,13
2083-6422,6
0459-6935,14
2300-5246,6
0867-8308,8
0137-6136,10
0137-4699,8
2083-5019,3
0137-5199,7
1506-5162,7
0076-0382,3
1231-1634,7
2080-9948,14
1230-0535,8
1898-5947,7
1730-0703,5
1897-760X,5
1643-0050,2
1230-0888,6
1230-4425,2
1641-1102,6
1429-9321,12
2084-3356,13
2080-8208,12
(null),9
2299-0461,9
1898-1143,13
1231-7853,9
(null),9
0239-3646,7
0209-3693,6
0137-2971,8
1505-1269,8
0209-0058,7
0137-5725,9
2083-0165,5
0076-5236,8
1730-2668,8
1733-9707,10
1689-4774,6
2300-7079,9
1428-1511,12
0025-6552,11
1734-3801,8
1896-7132,3
2083-5701,7
1734-591X,7
0478-3824,3
2299-7407,2
(null),9
1895-5754,2
0465-5435,8
(null),12
1640-0143,6
1734-9176,1
2353-5687,7
0025-8601,7
1899-8666,4
1428-0604,2
1231-1960,4
2083-4543,6
2081-0016,7
1898-0678,6
1231-1812,3
0867-499X,11
1507-2134,4
2084-5448,4
2084-4638,2
1505-3768,7
1232-406X,12
1505-7054,8
2081-4143,3
2300-3448,3
1643-8876,8
2080-4547,6
1230-2325,9
2299-3835,8
2082-792X,9
2084-0195,2
(null),8
1689-9121,14
1731-7932,4
2081-5182,2
1898-8431,7
1899-8291,15
2449-6421,8
2300-9586,8
2084-2937,10
0867-6046,14
0860-1054,4
1732-9132,8
2353-8546,5
2353-6950,3
1896-771X,8
2300-6366,11
1641-9715,5
1231-1855,4
2081-9021,2
1732-5544,4
2083-7968,3
1731-8165,5
1230-6509,7
1734-6762,6
1896-7663,3
1730-8658,6
2084-9435,2
2083-8530,9
2084-1531,12
2353-6985,4
1734-1663,11
0464-1086,12
0027-5344,14
2084-5081,3
2081-5913,13
2080-0029,5
1896-8546,4
1231-3033,4
0867-8871,6
1507-7764,5
1507-4153,12
(null),7
0137-3218,8
0474-2931,4
1426-9899,6
1231-8515,10
1231-0298,6
1230-5480,5
1897-7820,9
2082-6117,5
2080-5985,6
2080-5993,14
2080-6000,10
2353-1371,2
2084-8064,5
0548-0523,4
1429-1029,5
1429-2173,7
0208-5550,12
1230-3690,11
1734-8668,3
1642-316X,2
1896-6764,6
2080-4091,4
2083-7372,5
1732-6729,15
1427-0994,8
2084-7734,8
1642-1981,7
2080-9476,11
1427-1443,12
0272-0280,5
1898-5084,10
1230-7858,5
2299-7725,5
1426-5435,6
0029-389X,6
0867-2598,3
1509-5681,4
0860-5777,10
2084-946X,3
1505-4195,4
2084-5065,8
0867-647X,6
1233-5991,9
1428-1848,5
2084-3291,6
1230-2155,5
1426-6911,6
1895-7897,5
2082-4351,3
1734-6681,2
1899-8224,2
1896-9380,6
1733-6546,4
0029-540X,9
2081-206X,7
1506-9680,12
1233-9717,9
2353-9437,8
2083-5345,4
w2084-7297,6
0867-2628,10
0473-7733,12
1230-7831,12
0029-8247,5
1733-8239,5
2083-1277,11
2299-2014,5
1505-2753,7
2083-5124,3
1897-2721,13
2353-852X,8
1896-8961,6
1732-0658,3
1734-3542,7
0078-4648,12
0030-3348,5
2083-5191,4
(null),14
2299-1093,7
2391-5439,11
(null),14
2391-5455,10
2391-5463,8
2391-5471,15
2081-8858,12
w 1733-5175,5
1641-7348,3
1731-8297,7
1506-7637,10
2081-1268,2
1232-9274,11
0239-9989,13
2299-9000,5
1426-7241,10
0867-2008,9
0137-5466,14
1899-6116,9
2081-1330,7
2081-9706,8
2300-1054,5
1509-3492,15
0867-1850,11
1898-3316,4
0030-6657,15
1643-658X,8
2299-4645,4
1505-6872,10
2081-4836,6
0031-0344,8
1427-7476,10
0551-3790,6
0031-0514,12
0031-0522,14
1730-7775,7
0031-0980,13
1643-8299,7
2083-4330,4
1730-802X,12
1505-3520,3
0208-7545,5
1230-4743,3
2082-3487,5
1898-3685,6
2353-7140,6
2082-8411,7
1642-672X,11
2083-4381,5
2299-9299,2
1734-1531,10
1508-0110,4
0031-3939,15
2081-237X,8
2082-7539,7
1425-1922,8
1689-9202,2
1895-9911,6
1730-4172,6
1899-4334,1
2081-1446,6
0208-8703,2
1509-5738,9
2080-2242,7
(null),5
2081-2221,11
2082-9833,4
1897-3116,6
2082-9876,5
2084-8021,6
0860-8466,6
2300-4444,3
1730-1912,6
1506-7513,5
1230-4751,4
2081-2663,6
1506-9567,5
0018-3040,11
1426-6644,2
0867-7077,13
2084-9338,3
2081-2264,7
1231-868X,8
2353-3781,8
1230-2392,7
2300-4584,4
1640-9280,6
2083-5485,6
0370-0747,9
1230-8013,14
1234-5415,12
1641-8190,15
1507-9791,5
1734-7009,8
1733-9154,8
2081-2787,10
2354-0052,8
1731-0083,7
0032-3780,15
2081-7452,9
1643-9953,14
1897-1652,10
(null),5
1733-134X,15
1896-7817,5
0079-2985,14
1899-1998,14
2300-9217,9
(null),6
0208-7375,13
1641-7844,15
2299-2170,3
2084-8595,3
0554-498X,14
1733-6716,13
1429-6675,10
1734-3488,7
2082-9159,6
1732-9639,9
0137-4729,12
1734-221X,5
1428-5673,8
0137-9712,10
1730-2420,5
1426-9686,5
2082-1743,6
0032-373X,14
0324-8321,8
1643-3203,7
1734-5251,10
2084-5308,7
2082-1786,4
1231-0387,3
1642-1043,12
1898-6862,1
0032-4140,11
1427-9126,8
1733-165X,14
0032-5422,5
0324-833X,5
1509-8699,7
0860-6196,7
2083-5809,6
1230-2813,13
0860-6161,8
0867-793X,6
1643-9279,3
2300-3383,3
1896-3706,5
1898-1593,12
0303-8157,12
1897-0737,9
1643-5877,15
2082-9825,7
1233-8672,10
1233-8680,13
2084-3011,9
0209-3472,12
0137-9976,8
1732-1174,5
0032-6186,8
0860-3480,8
0138-0567,12
2084-6045,12
1644-3586,14
0866-9503,8
0208-4589,8
1899-3230,8
0032-6216,6
0509-6669,9
1509-2593,7
0137-9941,7
1899-2439,10
1509-5304,12
2080-1653,12
1731-6715,8
1896-1460,13
1734-2139,6
1233-0558,7
0860-6668,6
0079-4767,9
2353-5164,5
1896-7736,5
1734-185X,8
1895-8079,6
1896-7884,5
2080-2005,5
2391-8616,2
2300-2999,8
2391-8594,5
1505-4241,6
2300-5343,7
1898-4630,3
1509-0760,5
1733-0718,6
1234-3544,6
1897-8827,6
1230-9265,7
1899-3192,10
1898-2433,8
1898-6986,11
2084-2686,6
1899-9867,6
0866-9465,11
0079-4791,14
2300-3928,2
1730-1114,5
0079-4872,13
2081-8130,10
1233-5681,9
2300-9853,5
1733-2036,3
1506-8757,7
2080-5799,4
2299-405X,5
0551-911X,14
2082-100X,3
0860-7338,4
2084-1906,5
0867-0196,4
2083-327X,9
2353-8198,8
0867-6771,5
1230-1604,9
1643-1391,5
2083-4039,5
1689-6122,6
2084-5162,4
2300-0902,7
1899-3850,8
1232-9312,12
1895-4316,9
1231-0093,7
0137-8651,11
1234-0715,4
0552-2145,8
0552-2153,9
2081-5891,8
2300-6110,4
0552-2188,8
1233-9989,5
1640-1808,11
1896-7604,8
1895-197X,11
1733-2435,8
1230-3801,6
1734-1582,14
W 1730-4504,4
1643-2207,3
1644-9584,11
1898-617X,9
2353-5156,5
2300-3952,8
1231-9848,5
2083-1617,6
1427-4337,12
1896-5644,11
1233-2577,4
1730-0266,6
0033-1783,6
1897-0915,6
2083-3296,8
1733-2486,14
2084-1361,8
2080-458X,5
2080-8461,7
m2084-6495,6
0079-7138,12
1899-1254,6
1895-4308,13
2080-1335,5
0033-202X,7
2391-971X,5
0033-2038,5
0033-2526,12
1231-322X,5
0033-2097,14
0033-2100,12
1641-2478,14
1230-1493,11
1895-5770,14
0033-2127,5
0033-2135,7
0033-2143,12
0033-2151,12
2080-8836,6
0033-216X,7
0033-2186,12
0137-4214,5
0033-2194,12
0033-2232,8
1895-975X,14
1426-6989,6
0033-2240,10
0867-7468,5
0033-2259,8
2082-369X,6
2084-848X,6
1644-857X,10
2353-8899,5
1899-3524,8
1898-3707,5
1732-9353,10
0033-2275,6
0137-7221,13
1230-5065,5
0033-2291,14
1897-6557,8
0867-7514,5
1641-6856,4
0867-5708,8
1426-8876,14
2083-3121,4
1731-030X,6
1230-2996,11
0137-1134,9
2082-1212,9
2080-9506,4
1896-8996,7
1897-7626,8
2080-3788,8
2299-8055,3
1644-0242,4
1898-2166,8
1230-509X,6
0048-5675,12
0137-298X,11
0867-7255,11
1230-5502,11
1734-1280,6
0033-2356,15
1733-8069,13
2300-9349,2
0033-2364,9
0033-2372,14
2084-6991,8
0137-8783,4
2300-5149,5
1230-3496,9
0860-0015,12
0137-5490,8
1230-4433,6
1731-8645,8
2081-1128,10
0033-2437,12
0552-4245,12
0033-2461,6
1425-6851,14
1899-9417,10
0137-2645,5
0033-250X,12
1644-6763,13
2299-9329,1
1895-3247,9
2084-1558,7
2299-1263,5
0079-7189,14
1429-0472,7
2083-0033,3
1895-8109,3
1895-0949,10
1732-9841,7
1644-6313,10
1895-3166,6
1732-1190,3
1732-2642,5
2084-137X,8
1895-6297,13
1896-1800,13
0033-2860,7
1508-583X,8
1234-2238,12
1429-8538,6
0239-4170,11
0860-3022,3
1230-5529,8
2080-2021,6
0137-477X,9
1733-8077,12
1896-4133,7
2083-9952,4
1643-4374,7
2300-0511,5
1733-2478,12
2082-3959,7
0137-3285,9
2081-8270,3
1427-9622,10
1895-4146,6
1230-669X,8
2299-9922,7
1507-1367,12
2391-8152,13
1897-824X,8
2082-6060,12
1897-4066,4
1731-7533,12
2083-4942,8
2081-3767,12
1234-8880,7
0034-6233,14
0860-8156,5
1641-4713,11
2084-8730,4
0035-5429,12
1643-1618,11
1429-186X,14
2084-1418,11
1896-8848,8
1230-7181,3
2080-4938,7
0083-7261,7
0079-3140,6
1425-6665,5
2080-9565,8
1898-7125,5
0485-3059,5
2391-5145,6
2300-1402,3
0080-3464,4
1689-6289,4
1509-1074,11
1732-1395,14
2084-1701,6
1899-6256,11
1689-927X,5
0860-4584,2
0079-3418,6
2081-8718,9
0080-3499,8
0080-3510,5
2080-9212,7
0485-3083,11
0080-3502,8
2353-2734,3
0137-2866,7
1897-7685,3
2084-2732,4
1730-7953,6
1896-5903,5
1897-4716,7
0080-3545,13
2083-8247,1
0137-9585,13
2080-4164,7
1230-803X,7
1230-4360,12
1897-5496,7
1896-4362,7
2449-7347,5
2449-7355,4
0137-4168,7
2300-2662,4
2300-8296,3
0080-3588,13
2300-2654,8
1427-5929,5
0239-2550,9
1644-8855,9
2300-1976,7
0557-2177,5
0860-5637,8
1644-9126,7
0080-3626,7
1233-1910,8
0080-3634,15
1899-9573,7
2081-1837,6
0035-7685,14
1731-5522,10
2084-2031,5
0324-8585,12
0035-7707,15
1505-8425,5
1232-4671,9
2082-8578,7
1507-7896,10
0137-4176,13
1733-7305,7
0860-648X,6
1508-3535,10
1643-8175,8
2081-1063,6
0137-1657,7
0035-7715,14
2080-850X,8
1507-7888,12
0860-6552,6
0867-2059,4
2353-7272,12
1643-319X,3
1896-6365,3
1895-5797,2
2081-478X,4
1732-8705,10
0557-2665,13
1233-8273,7
0084-2990,8
0076-0390,8
1508-4302,6
0239-4375,8
1895-8117,5
2081-6081,7
1896-3641,7
0080-4754,10
1898-8326,9
0209-0872,11
0035-9599,6
0035-9629,11
0035-9696,8
0208-5038,5
2300-5491,6
1425-5960,11
1230-9540,6
1233-054X,4
2299-6044,1
1689-5010,8
1232-1575,8
1507-1669,6
0867-4973,11
0860-0295,11
2300-5823,5
2300-7648,9
2084-6770,8
1896-0286,7
1898-0511,13
2083-859X,6
2081-8416,3
1732-3509,6
1733-5760,13
1509-4146,6
2300-9357,6
1428-7218,5
1898-4509,7
2300-8741,6
2353-7000,7
2353-0669,5
1731-6677,8
1644-3365,7
1232-8766,15
2082-0860,11
2080-1912,7
1734-4328,7
0080-9993,11
1233-6173,14
0081-0002,10
0037-6744,12
1897-7618,2
2082-6931,7
1734-0926,7
1641-8468,6
1641-9650,9
2299-9930,2
1895-6890,12
0208-6808,10
2300-4967,13
1642-8846,3
1425-1965,6
1733-3180,7
1898-0171,7
2353-8937,9
1733-8050,8
1734-6614,11
2353-1266,4
1426-4196,4
0081-3834,15
0038-853X,12
1230-1698,14
1895-6408,3
2083-3059,6
2080-5438,8
1641-4039,1
1234-7655,15
1689-653X,7
2083-4055,7
1231-3254,4
0209-0961,12
2081-1500,9
1733-5779,7
1506-8285,7
1689-6416,6
2083-1986,9
1899-4601,5
2080-5209,4
0081-6272,14
1898-8709,7
0039-3231,9
2080-2404,9
2082-2677,3
1898-0457,9
1642-5650,8
1898-9837,3
2084-140X,9
1508-1354,4
0039-3134,13
1230-1760,6
1733-1218,11
1233-6688,13
0239-6416,13
1897-7480,7
2083-8611,10
1507-9058,4
1896-6896,7
1427-8219,11
2082-5951,13
1428-149X,12
0860-116X,9
2300-5459,6
0137-4338,9
1731-8440,6
2300-2875,7
0081-6434,12
0137-6365,12
1230-6045,8
0137-2467,7
2300-0066,7
0239-9407,4
2081-3309,8
0025-1429,12
(null),7
2084-3364,10
2081-2493,10
2081-5530,5
1897-2829,5
2391-5366,4
1509-1414,7
2084-4042,4
2080-6302,7
0860-830X,2
2081-2345,9
1733-9758,9
1234-8872,12
2080-4881,9
1644-4191,5
2082-8594,10
1232-4663,2
1642-0489,9
1731-2264,6
1898-4215,8
0137-4346,11
1642-0438,6
1731-6375,8
1689-5258,5
1730-4180,11
1506-9729,10
2083-9243,2
0138-0672,5
0079-3507,9
1230-0780,9
2084-4832,2
2084-2988,7
0860-7893,6
2353-6632,6
1897-645X,5
0137-1169,9
1897-1059,13
(null),8
1897-3035,14
1509-2380,3
1733-8271,4
0860-7249,2
0137-3587,11
1231-2797,6
1641-0920,12
1899-1874,10
0039-324X,3
2082-4793,10
2081-4488,13
0137-1126,14
1429-2416,8
1896-3226,12
1897-4244,7
0208-4597,12
0860-0562,13
0524-4471,7
1642-4689,12
2300-5254,10
1643-2762,13
2299-1999,6
2299-4890,8
0860-8539,7
1734-4433,5
1895-1279,9
0081-6795,10
1730-6795,9
0239-4456,7
1897-9262,6
0585-5470,11
1895-8001,10
0867-1370,6
2299-372X,2
1895-3492,7
2312-8933,2
1640-8888,13
1230-3135,13
0137-5210,10
2299-4971,9
2080-5853,2
2300-3936,7
0039-3312,11
2081-8025,7
1897-7146,8
1689-8052,7
0081-6841,12
1644-0412,9
1642-2473,8
0081-685X,10
1641-5558,14
1731-710X,9
0860-3375,6
1509-4995,14
(null),12
0137-2475,14
1689-4758,9
2084-4026,6
1898-3596,5
0208-7626,7
1803-5663,8
1644-9657,4
2080-6604,7
0039-3371,14
2081-0008,5
0039-3355,11
0239-801X,7
0137-3420,7
0585-5594,11
2084-3321,7
2299-7237,3
2300-4754,6
0137-6624,10
1506-5316,6
1642-557X,10
1898-0082,9
2084-0713,3
0867-3977,5
1733-0335,10
1234-2041,6
2084-4492,9
0081-7090,14
1897-8584,5
2300-0562,8
2083-1978,9
2080-8313,8
2082-7083,5
2081-8882,7
2083-0998,8
1429-9585,4
2299-6338,2
1428-0663,9
2084-0152,6
2083-5574,4
1732-324X,8
0083-4300,13
1732-8160,13
2083-5205,13
2300-6412,9
0860-4649,7
2065-7943,7
1230-2287,11
1896-8945,5
0302-7384,13
1429-558X,6
2081-6154,5
1774-7988,7
1508-5430,7
2391-9361,6
1508-275X,4
1642-6363,6
0039-8144,7
2082-6087,6
0137-818X,10
2299-260X,3
2084-7963,5
2353-5709,4
2080-413X,8
1230-0330,10
1897-385X,5
1234-7175,4
0860-8369,6
0037-7511,11
1644-6739,9
0520-9250,10
0137-3447,10
2084-0772,7
2080-492X,10
1731-7517,14
1731-2442,8
1731-3317,8
1643-8442,5
1231-8841,10
2083-4721,7
1733-8034,2
2353-1223,1
1532-5555,10
2080-6906,3
0239-4472,4
1428-6394,10
1642-1027,9
1505-4675,11
0304-520X,6
1732-1719,6
1230-7661,7
0867-7824,5
2080-1467,5
2300-4576,5
1895-3980,9
1733-5388,7
1641-7739,8
1733-4233,8
1896-8279,11
1733-2249,9
1899-7694,11
0079-3450,5
1899-0983,10
2299-8152,2
1734-6029,11
2081-3961,5
0071-8076,6
1640-1549,5
2299-8365,12
1731-5638,10
1898-2964,7
2299-9809,4
1642-6738,8
1732-4572,12
1733-7496,3
2299-8454,2
1230-3917,5
2082-0984,14
2083-2931,12
1896-2556,4
1234-754X,8
2083-2222,12
1644-9363,7
1897-2276,5
2083-9235,7
2083-8018,7
2300-2743,7
1230-4999,6
2084-4522,4
1734-4182,4
2300-3588,5
1896-5334,7
1756-6614,6
(null),7
2080-9573,3
2080-1807,6
1733-747X,9
1426-2789,3
0079-3205,7
1899-0355,5
1230-0292,11
1641-1609,10
2083-6473,12
1732-2774,3
1732-5153,7
1896-0596,14
1899-5489,4
1731-2795,3
2299-9590,9
0208-7774,15
1733-2265,6
1232-3829,5
1895-3700,4
1689-4642,9
0867-5856,8
0860-4126,7
2080-8097,8
1507-4757,5
2084-5146,6
2084-2694,10
1230-0152,5
0083-4386,7
2299-2367,2
1426-7446,3
1644-8561,7
0860-6897,5
1731-3708,14
0860-9411,11
1896-7892,4
1505-0181,4
2084-1140,5
2299-2421,4
2081-9633,5
1895-3204,8
0209-3782,6
1896-3307,11
2300-5114,2
1732-1999,3
1896-7655,3
0043-5082,12
0043-5090,8
0043-5104,7
0043-5112,6
0138-0737,6
0043-5120,5
0511-9162,10
0860-2395,13
0043-5147,11
0510-4262,8
0043-5155,12
0043-518X,12
1731-8068,6
1895-4588,14
2300-200X,11
0209-0031,2
0137-6942,12
1899-1556,8
1734-4549,4
1897-1962,12
0137-1673,14
(null),4
1642-8145,10
0137-7272,5
2082-6826,3
(null),6
0578-4387,7
(null),6
1231-1731,7
2084-0578,4
2080-332X,6
1643-0328,7
2084-0454,3
1429-4168,13
2082-4939,7
1731-982X,7
2082-7695,9
2082-677X,9
1428-2526,14
2084-4212,1
1689-7293,5
2300-5157,4
0043-9592,2
1230-8781,2
1230-7785,4
2082-9019,10
1689-9024,10
1899-3028,7
2300-5424,5
1428-1503,10
1897-0788,9
1895-6785,4
0208-5011,9
1230-7483,12
2081-2310,3
1428-2259,5
2299-2332,3
1232-3578,10
0044-1600,15
0324-8194,8
0044-1619,11
0084-4446,14
1895-247X,11
1507-9090,4
2084-5405,7
0044-1791,15
2081-1004,5
2300-9683,6
1428-474X,5
2084-5189,9
1895-5088,6
1734-3534,3
2353-5938,6
2081-1438,5
1643-4773,7
1898-3529,13
1896-0200,11
1896-8201,14
1641-0874,13
2081-1586,5
2082-2804,3
0044-2011,8
(null),7
2081-9579,6
1897-659X,9
2299-2774,2
1232-6682,5
1509-3050,2
1429-5911,2
(null),6
1642-0977,7
1642-090X,6
1896-3463,3
1230-106X,2
1732-0356,6
1426-6547,6
1733-3008,4
0867-6364,12
1897-2500,7
1734-4468,6
1641-9723,4
1642-9613,4
u 1731-8157,8
2300-3170,3
2299-5722,5
0860-889X,7
1644-1818,7
1733-8670,8
0867-2245,8
1895-2984,4
2391-9094,5
2082-7547,7
2299-3355,4
1896-8147,2
1896-2505,5
1730-2889,3
2080-0819,9
2300-5882,6
1642-347X,8
2082-6702,7
0044-4405,10
1506-2635,9
2083-5523,4
1731-7398,11
0860-9608,9
1896-8333,7
2300-6463,4
2083-1560,7
0860-7214,8
1507-6407,3
0239-9415,10
0209-2662,3
0209-2689,7
2084-073X,4
2081-3430,13
1642-3828,6
1644-888X,5
1731-2221,3
1734-803X,8
0239-5223,7
2081-6979,13
2081-6960,13
2082-2944,4
1899-0088,5
2082-9469,5
2082-9213,5
2082-3827,1
1509-3670,6
1898-6447,11
0208-4821,8
0083-4327,10
1689-7080,13
0083-4351,15
1897-2098,9
1897-8223,5
2082-5501,9
1643-0506,5
1730-3508,7
1643-0484,4
0867-0617,9
1644-0501,13
1640-6818,6
1644-275X,10
1509-0507,9
1895-7323,7
1896-396X,5
1734-0489,4
1733-8891,4
1734-6436,4
1507-7403,4
(null),3
1897-7421,3
2353-1290,10
2300-1232,6
1642-9605,6
1428-7889,4
1426-9724,8
1643-7772,8
2391-9167,9
1734-5391,5
2084-1809,7
1896-4591,7
1899-8658,8
1643-0689,4
1641-9707,7
2082-7016,4
2084-8722,5
1895-3794,7
1896-4087,4
0137-2661,5
0209-0570,2
0137-2599,6
1641-3466,11
0867-1753,7
0209-3324,9
1899-7228,7
1231-9171,5
1507-4285,9
0555-0025,14
1643-8183,13
1896-9852,6
0084-5477,13
1731-6707,3
1641-4381,15
1506-6541,5
2082-5862,3
1425-4263,5
1899-9670,4
0044-510X,8
2082-7806,2
0137-6810,4
0209-164X,8
1425-6959,13
1642-1248,9
1897-1431,4
