1015-406X,10
0148-2076,10
1534-3219,10
1697-7777,10
0967-5507,10
0261-6823,10
0515-0612,10
0084-585X,10
2164-9731,10
0567-560X,10
0968-1116,10
0958-5206,10
0929-9890,10
0722-740X,10
0001-494X,10
1243-969X,10
0065-0900,10
0353-5150,20
0044-5975,10
0065-101X,10
1588-2551,15
0776-2984,10
0800-3831,10
0418-453X,10
0065-1141,15
0231-5955,10
0351-2789,10
1216-9803,10
1408-0419,10
0001-5830,10
1406-2925,10
0904-2067,10
0374-0463,10
0716-0909,10
0001-6233,10
0001-6241,10
0567-784X,10
1211-4413,10
0567-7874,10
0001-6438,10
0001-6446,10
0355-1792,10
1121-2179,10
0001-6829,15
0341-1184,10
1104-3431,10
1015-8758,15
0567-8269,10
0567-8293,10
1213-4449,10
0208-533X,10
1722-3954,10
1301-2746,15
1126-6244,15
1476-7392,10
1638-9867,10
0001-8449,10
0342-7633,10
1045-1595,10
0065-2407,25
1441-7049,10
0776-3808,10
1234-4621,10
1827-7888,10
0001-9046,10
0237-7934,10
1430-1938,10
0001-9593,15
1121-8932,10
0250-4650,10
0856-0048,10
1062-4783,10
1024-0969,10
0263-0338,25
0001-9933,10
1013-171X,10
0145-2258,10
0002-0427,10
1723-0284,10
0002-0796,10
1013-0950,15
1382-5585,25
0874-5498,15
0211-6642,10
0002-1105,10
1724-904X,10
0002-1490,20
1015-5104,20
0358-6197,10
1461-0213,10
1128-7209,10
1406-3859,10
0355-1725,10
1378-5087,10
1133-9837,10
0002-4805,10
0002-5275,10
0516-6551,10
1587-1061,10
1122-1887,10
0340-7969,10
0950-3110,10
0211-3589,15
1286-4986,10
0170-9364,15
1249-8947,10
0774-4145,10
0002-6646,10
0968-7769,10
0232-8461,15
0065-6585,10
0942-4555,10
0185-1179,10
0982-9237,10
1073-9300,10
1051-3558,10
1061-0057,10
0362-8914,10
0002-9114,25
0892-3647,10
0002-9319,15
1094-6098,10
1892-8244,10
0895-8017,10
0896-7148,10
1540-3084,15
0065-9142,10
0002-9831,20
0734-4392,20
0003-0155,10
0003-0481,20
0003-0678,10
1078-3377,10
0340-2827,15
0221-8852,10
1385-2353,10
0304-6257,10
0165-7305,10
0169-0221,10
1774-4296,10
0570-0116,10
0874-9671,10
0392-2855,10
0003-2468,15
0003-2476,10
0066-1376,10
0791-6167,10
1122-2336,10
0169-7447,10
0517-6735,10
0066-1392,10
1223-9682,10
1221-9975,10
1224-032X,10
1224-5712,10
1841-8325,15
1224-5704,10
0569-9878,15
0212-6559,10
0214-6452,10
0008-7750,10
0210-4547,10
0864-0491,10
0185-1276,10
1330-0598,10
0870-8231,15
0033-2573,10
0870-3124,10
0326-1301,10
0295-3722,10
0171-5860,15
0003-2638,10
1018-1946,10
0066-1546,10
0066-1554,10
0003-276X,25
1358-6122,10
0929-077X,10
1470-9996,10
0835-3638,10
0956-5361,10
0951-001X,10
1568-3540,10
1378-4641,10
0740-2007,10
0066-1619,10
1570-1921,10
0212-159X,10
0084-6465,10
0258-3771,10
0969-725X,10
1123-5772,10
0903-1723,10
0340-5222,15
0954-9927,10
0263-6751,10
1300-5391,10
0254-4296,10
0570-1554,10
0003-3901,10
0399-0826,15
0066-2062,20
0987-7576,10
0365-2017,10
0866-4331,10
1370-4192,10
0003-4134,10
0776-135X,10
0003-4398,10
1687-1510,10
0003-4436,15
0259-6563,10
1453-9306,10
0524-9023,10
0395-2649,20
1408-5348,15
1724-0565,10
0578-9923,10
0391-7010,10
0531-9870,10
1818-5282,10
0392-095X,10
0393-8573,10
0547-2121,10
1127-7130,10
1124-7169,10
2031-5929,10
1120-4001,15
1723-9672,10
1592-5927,10
0741-7527,10
0231-844X,10
0084-6473,10
0570-2259,10
0068-2454,10
0449-1564,10
0067-0081,10
1134-7937,20
0238-0218,10
0003-5459,20
1377-5723,10
0960-0604,10
0003-5483,10
0702-8997,10
0323-1119,10
0967-201X,20
1054-4720,10
0258-0144,10
0268-540X,25
0066-4774,10
0003-5688,10
0003-5696,10
0893-5580,10
0003-5815,20
1250-7334,10
0066-4871,10
0997-0576,10
0394-0136,10
0003-6064,10
1693-167X,10
1971-4815,10
0870-0990,10
0873-819X,10
1131-6802,10
0210-5810,10
0570-4065,10
0210-8178,10
0066-5061,15
0304-4319,10
0185-1373,10
1130-5517,10
0066-5215,15
0211-3538,10
1454-4865,10
1220-5230,10
0341-8383,10
0003-6293,10
0066-5282,10
0003-6390,10
1155-3316,10
0392-2359,10
0003-6536,10
0213-5868,10
0908-4282,10
1129-3764,10
1376-7135,10
1013-428X,10
0929-6344,10
0905-7196,10
0570-5398,15
0213-2486,10
1477-8351,20
0801-7778,10
0171-5410,10
0402-7817,10
0281-7446,10
0723-2977,10
0774-2851,10
0003-7982,10
0587-3452,10
1132-6891,20
0235-3490,10
0261-3417,10
0003-8008,10
1392-5520,10
1310-9537,15
0306-6924,10
1560-8026,10
1392-6748,10
1724-6091,10
1236-5882,10
0066-5924,10
1380-2038,10
0570-6084,10
0261-4332,10
1434-2758,10
0306-7629,10
0790-892X,10
0963-0937,10
1563-0110,20
0154-1854,10
1453-5165,10
0258-2600,10
1105-0950,10
0572-622X,10
1018-1857,10
0341-2873,10
0003-8105,10
0342-734X,20
0066-6041,10
0518-2867,10
0395-4099,10
0066-605X,10
0391-8165,15
1120-6861,10
0390-0592,20
1027-8311,10
0003-8180,10
1592-5935,10
0392-9876,10
0323-1267,20
0758-7708,10
0221-4792,10
0778-2837,10
0153-9337,10
0255-9005,15
1255-5932,10
1161-0492,10
0044-8613,10
0003-8466,10
0044-863X,10
0003-8504,20
1350-7524,10
0066-622X,20
0003-858X,10
1326-4826,10
0003-8695,10
0958-6407,10
1010-4089,10
0003-8946,10
0066-6297,10
0003-9101,10
0003-9233,10
0066-6386,10
0003-9292,10
0066-6459,15
0001-2343,10
0003-9381,10
1436-3038,10
0066-6505,10
0066-6513,10
0342-6270,10
1389-0166,25
0003-9500,10
0003-9535,10
0003-9632,15
0335-5985,10
1777-5825,15
0373-5478,10
0066-6637,10
1970-0792,15
0004-0088,10
0004-0207,10
0373-3009,10
0391-7770,15
0044-8745,10
0004-0393,10
0210-3230,10
0066-6742,15
0004-0428,10
0210-4067,10
0004-0452,10
0724-8822,10
0004-0665,10
0391-7320,10
0066-6785,10
0037-8887,10
1376-7453,10
0994-8090,10
0570-734X,10
1134-6396,10
0004-0975,20
1787-3606,10
1106-5311,10
0066-7358,10
1563-0102,10
0570-8966,10
1015-9118,10
1221-6917,10
0570-9008,10
0178-1073,10
1406-6246,10
0004-1327,20
0095-5809,15
0004-1610,10
0066-7668,10
1384-105X,10
1741-6124,10
1359-1355,15
0188-8218,15
0341-8480,10
0133-6673,10
0133-1531,10
0004-2919,10
0571-1371,10
0004-2927,15
1220-2789,10
0044-9008,10
1039-3625,10
0004-3079,20
1401-2987,10
0195-4148,10
0141-6790,10
0004-3249,15
0142-6702,10
0245-5676,10
0004-3400,15
0004-3443,10
0393-7267,10
0392-5234,10
1697-2341,10
0004-3532,10
0261-9946,10
1078-6279,15
0587-5455,10
0004-3648,15
0391-9064,15
0213-1498,10
1120-2459,10
0239-202X,10
1950-8123,10
0004-3958,10
1264-5265,10
0066-8176,10
0212-0372,10
1575-166X,10
0773-5855,10
1463-1369,10
0044-9202,10
0955-2367,10
0323-3790,10
1336-099X,10
1075-2935,25
0297-9373,10
1302-2938,10
0004-6493,10
0004-6574,15
0792-8424,15
0256-4009,10
1478-8810,20
0702-7818,10
0391-8157,10
1592-7377,10
0020-6091,10
0178-7128,10
0404-0155,10
0179-2555,10
0108-0059,10
0094-5323,10
0004-8003,10
0004-8011,10
0004-802X,10
0479-611X,10
0175-6133,10
0004-8402,25
1325-2585,10
0816-9020,20
1031-461X,20
1444-5409,10
1835-517X,10
0004-9697,15
1350-7532,10
0005-0601,15
1387-3008,10
1572-8390,10
0067-270X,25
0394-4719,10
0165-9367,10
0084-7682,10
0005-3856,10
0323-9519,10
0205-2512,10
0324-1653,10
1231-0344,10
0067-3099,10
0132-6503,10
1222-0612,10
0341-6208,10
0347-772X,10
1029-3205,10
1232-3233,10
,10
0005-6855,10
0332-270X,10
0958-191X,10
1476-4261,10
1053-8348,10
0435-818X,10
0942-3060,10
0005-8076,15
0939-2815,15
0005-8114,10
1392-902X,10
0005-8351,10
1781-3980,10
0774-5141,10
0035-0818,15
0035-0869,15
1376-2958,10
0041-4255,10
0771-8683,10
0392-0356,10
0210-8550,10
0341-9312,10
0167-5443,10
0332-026X,10
0067-6195,10
1218-8727,10
0006-0623,10
0006-0887,15
0098-9444,15
0927-2569,15
0006-1913,10
0373-6237,10
0006-1999,10
0178-2967,10
0006-2014,15
0220-665X,10
1013-4166,10
0923-2834,10
0006-2286,10
0006-2294,20
0006-2278,10
0006-2456,10
1611-2512,10
0925-7764,10
0162-4962,10
1300-8358,10
1234-5210,10
1427-3470,10
0160-628x,10
0006-4408,10
0168-8391,10
0006-5692,10
0006-5722,15
0352-3101,15
0523-8587,10
0900-7334,10
0872-2110,10
0213-6090,10
0034-0626,10
0210-4822,10
1576-8767,10
0210-8143,10
0211-3171,10
0210-9573,10
1660-4938,10
1695-5110,10
0394-4611,10
0392-842X,10
1594-7084,10
0390-8240,10
1127-6096,10
1120-2742,10
0006-6583,10
0391-7568,10
0938-9334,10
1098-7371,10
0968-7475,10
0210-5934,10
1389-1987,10
1386-3517,10
0263-1091,10
0068-113X,20
0964-2447,10
0960-8788,20
0007-0904,10
0969-7950,10
1359-4575,10
0952-3383,10
1460-9231,10
0524-6881,10
1885-8309,10
1474-8932,10
1370-7477,10
0300-2039,10
1013-8897,10
1125-3819,10
1012-0890,10
1310-5213,10
0324-0207,10
0005-4283,10
1353-1913,10
0068-4015,10
0007-4217,10
0336-1519,10
0522-7496,10
0001-415X,10
0291-3798,10
0005-948X,10
0301-4126,10
0037-9050,10
0037-9069,15
0255-6286,10
0037-9344,10
0037-9379,10
1141-135X,10
0987-7940,10
0081-1181,10
0249-7638,20
0304-1425,10
0770-7061,10
0004-5527,10
1110-1938,10
0255-0962,10
0073-8530,10
0007-4322,10
0068-4023,10
0007-4403,10
1279-7243,10
1016-8982,10
0133-5545,10
0027-3791,10
0964-1181,10
0007-4640,15
1249-674X,10
0007-473X,15
0146-2989,10
0874-8438,10
0264-2190,10
1475-3820,10
0003-097X,25
0003-1186,10
0388-7219,10
0269-8552,15
0263-5232,10
0267-4971,10
0076-0722,10
0076-0730,10
0145-3890,10
0301-102X,10
0081-5691,10
0862-8912,10
0041-977X,10
0138-0680,20
1023-2044,15
0776-1414,10
0027-3856,10
0166-0470,15
0085-1892,10
0165-9510,10
0928-3641,10
0037-8984,10
0392-7636,10
0391-1810,10
0007-6201,10
0007-6287,10
0301-7257,10
1012-0513,10
0345-195X,10
0307-0131,20
0167-5346,10
0007-7704,15
0007-7712,15
0378-2506,15
0873-7282,10
0871-4975,10
1413-652X,10
1645-1112,10
0007-9502,10
0245-5196,10
0761-8271,10
0575-0385,10
0068-4945,10
1377-834X,10
0008-008X,10
0008-0055,15
1565-5512,10
0766-1177,10
0007-9731,15
0571-5865,15
1110-7715,10
0153-3320,10
0259-6199,10
0765-4944,10
1272-9752,10
1141-7161,15
0992-9835,10
0317-5065,10
0008-0047,10
1015-5775,10
1779-4684,10
1149-6525,10
1271-6669,10
1763-0894,10
1424-0475,10
0771-6435,10
0753-6712,10
1016-9008,10
1165-3558,10
1252-6576,10
0181-1525,10
1778-610X,10
0184-7678,10
0068-516X,10
1168-9501,10
0008-0284,10
0150-6943,10
0008-0365,10
0220-5610,10
1637-4096,10
1582-960X,10
1576-3471,10
0742-7778,10
0161-2492,10
1442-438X,10
0008-1795,15
1353-0089,10
0959-7743,10
1750-2705,10
0954-5867,10
0008-199X,10
0270-5346,10
1786-5484,10
1065-0741,25
0090-8290,10
0008-3968,10
0380-2361,20
0008-4107,15
0008-4131,20
0225-0500,10
0045-5091,20
0008-4360,15
0319-051X,15
1467-8837,10
1147-6753,15
1554-754X,10
0889-4019,20
1212-4923,10
0008-6606,10
1603-3663,10
0411-129X,10
1262-3490,10
2235-5324,10
0008-7181,10
0323-052X,10
1214-0627,10
0008-7386,10
0590-5966,10
1123-8968,10
1133-3820,10
0008-8501,15
1699-4949,15
0008-9192,10
1479-0963,10
1566-6816,10
0009-0468,20
0862-6111,10
0009-0794,15
0108-4453,10
0308-0951,10
0577-5752,10
0009-2002,10
1127-8951,10
1756-1108,10
0317-0500,10
1357-5279,25
0045-6713,20
0926-7263,10
0069-3715,10
0968-7262,10
1198-449X,10
0210-9611,10
0009-6067,10
0529-4975,10
0766-4257,10
1366-8129,10
0028-2030,10
1871-241X,10
0009-6407,20
0263-9475,10
0379-8291,10
0009-7497,15
0774-4919,10
0009-8140,10
0007-8549,10
0774-7241,10
0106-5815,10
0278-6656,10
0009-8337,10
0009-8353,20
0009-837X,20
0009-8388,10
0009-840X,10
0009-8418,10
0791-9417,10
1481-4374,20
1092-3934,10
1359-1045,20
0920-1637,25
1252-7017,10
0870-4104,10
0884-2043,10
0578-5251,10
0379-3621,10
0968-0551,10
0776-8354,10
0378-4916,10
0010-0749,10
0530-7058,10
0137-6985,10
0093-3139,10
0350-6134,25
0801-9282,10
0010-1338,10
1223-5261,10
0179-3780,10
0010-1451,10
0069-6412,10
1974-6385,10
1612-1783,10
0378-0880,10
0146-3373,25
0231-133X,10
0010-3713,15
0094-2065,10
0942-8917,10
1120-7094,10
0940-3566,10
1741-2676,15
1744-1854,10
0010-4124,15
0010-4132,10
0305-7925,20
1131-6993,10
0065-0536,10
0899-3408,10
1095-8363,25
1048-6798,10
0010-4817,10
1057-9478,10
1134-3478,25
1697-3127,10
1437-904X,10
1063-1801,10
0888-6091,10
0010-5716,10
0394-994X,10
1721-6745,10
0951-2314,10
0010-6356,10
1350-5033,10
0267-7768,10
1135-9978,10
1127-3070,15
1724-6105,10
1361-9462,20
1740-9292,15
1477-2876,10
0010-7484,10
0749-4467,15
1477-2264,15
1754-1476,10
1536-5042,10
1387-2842,20
1136-4076,10
0069-9667,20
0010-809X,10
1541-163X,10
0070-024X,10
0296-8916,10
0269-8773,10
0590-8876,10
1762-598X,10
1724-3688,10
1571-2265,10
1422-0857,10
0194-0953,10
1871-9791,10
1486-9195,10
0169-894X,10
1016-2798,10
0393-3598,20
0011-1511,10
1127-1140,15
0390-0142,10
0011-1503,15
1066-288X,10
0011-1562,10
0923-411X,10
0011-1570,10
0011-1589,10
0247-381X,10
0011-1600,10
0011-1619,15
0352-4000,15
1333-1108,10
0350-7823,10
1123-7023,10
0391-1535,10
0212-5633,10
1476-5276,10
0011-2356,10
0210-962X,10
0210-847X,10
1131-9070,10
1131-9062,10
1133-9527,10
0214-400X,10
1133-7613,10
0214-4018,10
0214-4670,10
0214-1388,10
0011-250X,10
0210-0061,10
0391-5654,15
0870-4546,10
1537-7873,10
1478-0038,10
0921-3740,20
1871-1502,25
0195-2714,10
1697-7750,10
1871-1162,10
1466-4208,25
0011-3735,10
1379-6100,10
1102-7355,10
0726-416X,10
0958-5176,10
0965-9757,10
1094-9313,10
0070-251X,10
1582-4438,10
0130-6626,10
1130-0507,15
0711-8813,10
1611-1370,10
0264-2875,25
0070-2749,10
0416-6884,10
0904-2393,10
0105-3191,15
0106-4525,10
1600-6038,10
0070-2862,10
1724-9058,10
0300-693X,15
0004-1157,15
0949-0345,10
0027-299X,10
0932-4747,10
1381-8546,15
0921-142X,15
0929-0761,20
0248-8191,10
0188-9478,10
0871-9519,10
0376-8163,15
0923-9790,10
0529-4754,10
0947-031X,10
1436-168X,10
0070-3788,10
1349-9947,10
0747-9360,25
1448-7136,10
0012-1428,10
0011-9741,10
0167-2185,10
0340-9341,10
0012-0936,15
0012-1045,15
0012-1223,10
0012-1460,10
1330-2655,10
0870-8967,10
0300-7162,10
0417-4046,10
0341-9592,10
1795-5270,10
0781-7118,10
0012-2017,10
0304-4092,10
0939-5512,10
0012-2173,15
0755-7256,10
1733-5566,15
1637-5823,15
0742-5473,15
0012-2440,10
1130-0531,10
1250-0739,10
0070-4806,10
1437-3378,10
0027-4801,10
0936-7586,10
0043-2520,15
1462-6268,10
1128-8221,10
1125-517X,10
0392-1921,10
1824-0240,10
0705-1085,15
0959-2296,10
0842-1420,10
0967-8948,10
0873-626X,15
0862-5409,10
0070-6760,15
0012-4273,10
1380-3204,10
1408-967X,10
0231-7443,10
0771-8640,10
0921-4690,10
0165-4349,10
0923-7771,10
1122-5750,10
0184-1068,10
1303-7242,10
1589-6145,10
0012-5377,10
0393-9006,10
1054-2043,10
0418-0615,10
1331-3878,10
1380-6602,10
0070-7546,10
1385-3066,10
0353-6777,10
1361-360X,10
0419-8824,10
0012-8163,10
0300-4430,10
1082-3301,10
0963-9462,10
1201-2459,10
0306-1078,10
0261-1279,10
1746-0654,15
1206-9078,10
0957-5146,10
0012-8376,10
1036-6008,10
1533-8371,10
0012-8686,15
0012-8708,10
1010-3872,10
1801-0865,10
1473-2769,10
0963-0899,10
0013-0567,15
0013-0796,15
0212-0429,10
1138-9621,10
0013-0818,10
0872-7643,10
1576-5199,10
1956-3485,10
0726-2655,10
0748-8491,20
0300-4279,10
1559-1786,10
1360-2357,25
0040-0912,25
1547-0350,10
0294-0868,10
1373-847X,10
0013-1350,15
0013-1377,10
0339-7513,10
1746-1979,10
0267-1611,20
0013-1857,20
0266-7363,20
1380-3611,10
1570-2081,25
0196-5042,10
1598-5776,10
0013-2004,25
1406-0760,10
1736-2563,20
1813-5145,10
1824-6192,10
0790-7915,10
1086-3192,10
1478-5706,10
0193-5380,10
0840-6286,15
0013-2586,10
0013-2608,10
1121-8819,15
0013-2683,20
0046-1628,10
0645-6432,10
1018-9556,10
1887-1542,10
0392-7342,10
0013-8304,10
0758-3478,10
0206-3735,15
1243-0412,10
0885-968X,10
0013-6662,10
0952-3987,10
1096-858X,10
0931-5020,10
0213-9278,10
1502-7155,10
0214-3038,10
0013-7545,15
1477-4534,20
0918-3701,10
0013-8312,10
0013-8339,10
0957-8080,10
0013-838X,20
0013-8398,15
1161-2770,10
1461-4103,25
1105-0055,10
1450-006X,10
0013-9505,10
0013-9513,10
1121-189x,10
0174-6545,10
0013-9572,15
0356-598X,10
0165-0904,10
0392-9760,10
,10
,10
0261-0159,10
0013-9947,10
0071-1152,10
0332-0758,10
0165-0106,25
1825-6619,10
1682-3257,10
1130-0124,10
0214-9745,10
1131-768X,10
0392-3495,10
0014-0767,10
0093-8297,15
0014-0856,10
0360-7062,10
0308-888X,10
0316-0300,10
0308-3462,10
0998-8041,10
0014-1291,10
1406-2933,10
0014-1437,15
0014-1453,10
0071-1675,10
0210-1610,15
0210-6086,10
1136-0291,10
1578-6676,10
0210-9093,10
0211-8572,10
1645-3530,10
0104-026X,10
0774-2738,10
1386-2820,25
0266-688X,20
1744-9642,10
1373-0975,10
0778-6069,10
1419-8177,10
0014-1798,10
0257-1692,10
0336-1438,10
1961-9162,10
0012-7477,10
1745-7823,25
0111-0411,10
1210-1109,10
0425-4597,10
0355-1776,10
0348-9698,10
1106-0972,10
0046-2616,15
0014-1828,10
0014-1836,20
1741-1912,10
0921-5158,10
0873-6561,10
0869-5415,10
1335-5074,10
0351-1944,10
1122-6234,10
0014-195X,15
0324-1645,10
1168-4917,10
0373-1928,10
0014-200X,10
0708-2398,10
1105-2236,10
0071-190X,15
0071-2051,10
0014-2085,10
1093-9334,10
0014-2115,10
0071-2086,10
0183-997X,10
0183-973X,10
0014-214X,10
1760-253X,10
0766-5075,10
0773-7912,10
0014-2166,15
1270-9050,10
1803-7399,10
0014-2182,20
0772-1358,10
0778-8738,10
0014-2239,15
0701-1008,10
1040-9483,10
1108-5800,10
0014-2328,10
0949-0434,10
1730-8518,10
1454-2153,10
0392-4580,10
1056-4934,10
1474-9041,25
0960-4545,10
1370-5954,10
1466-0407,10
1461-9571,10
0954-1446,10
0304-3797,10
0966-8373,25
1210-7778,20
0960-2720,10
0923-9855,10
1378-2274,10
1582-5841,10
0172-7028,10
1162-9088,20
1350-7486,10
0924-0608,10
1740-4657,20
1462-1495,10
0950-0790,10
0014-3502,15
0870-0133,10
0874-5560,10
1532-7035,25
1132-7723,10
0166-2740,10
1699-3225,10
1041-2573,10
1215-5950,15
0014-5246,15
1540-0085,15
0014-5483,15
0960-779X,10
0324-1270,10
1033-1867,10
0014-6242,10
0874-6885,10
1017-3285,10
1424-0602,10
0739-7046,10
1244-5460,10
1463-1180,10
0860-0007,10
1362-704X,20
0348-971X,10
0884-2949,10
0210-7570,10
0929-2411,10
0391-7517,10
1722-1374,10
1301-0875,10
,10
1433-6359,10
1696-8166,10
1468-0777,25
0966-7350,15
0781-7126,10
1618-3355,10
0925-0166,10
0164-0933,10
1439-4367,10
0360-3695,10
0071-495X,10
1123-4059,10
0391-2493,10
0214-2996,10
1024-1817,10
0449-363X,10
0015-1785,10
0015-1823,10
1591-0660,10
1824-4963,10
0015-1831,15
0348-7482,10
0046-385X,20
1230-6894,15
0351-4706,10
0353-4510,10
1520-4723,10
0968-5650,10
0355-1253,10
0341-7816,10
0355-1814,10
0709-5201,10
0353-4642,15
0920-1297,10
0862-1209,10
0071-6723,10
0231-7494,10
1330-0695,10
1230-4786,10
,10
0239-1953,10
1381-205X,10
0430-8778,10
0531-9684,10
0105-1024,10
0085-0756,10
0015-587X,10
1406-0957,15
0356-1771,10
0071-6855,10
1217-8020,10
0015-6191,10
1594-7963,10
1780-3187,10
0740-9710,20
0228-0671,25
1419-7480,10
0759-6340,10
1275-7713,10
0015-7813,10
0925-8620,10
0947-9708,10
1736-4132,10
0934-1234,10
0015-7902,10
0345-3588,10
0261-586X,10
0955-985X,10
1131-6810,10
1605-4636,10
0015-8518,10
0014-5858,10
1661-4216,10
0930-5874,10
1438-5627,20
1780-034X,10
1784-410X,10
0015-9409,10
1867-6448,10
0937-7743,10
0080-5459,10
1121-953X,10
1741-8283,10
0342-0078,10
0251-2408,10
0016-0725,10
0098-9355,10
0016-1071,10
0016-1128,15
0071-9706,15
0940-4007,10
0723-8630,10
1287-3349,10
1973-5049,10
0016-4119,10
0016-4127,10
0072-0127,10
0935-0519,10
1741-4512,10
1241-3577,10
0753-5015,10
0953-5233,10
1355-2074,10
1098-092X,10
1213-0028,10
0971-8524,20
1155-3219,20
1167-5101,10
0024-3914,10
0016-6928,15
0772-7151,10
1121-8940,10
0953-0754,10
0161-7435,10
1022-5471,10
0963-1070,10
0213-0181,10
0016-8777,10
0016-8831,15
0016-8874,10
0016-8890,10
0016-8904,15
0524-8418,10
0771-3703,10
1210-9029,10
0016-9056,10
0937-1656,10
0340-613X,20
1420-5955,10
1121-0303,10
1617-1837,10
0016-920X,10
0776-4111,10
0017-0089,10
0017-0372,10
0017-0461,10
0017-0496,10
0436-029X,10
1022-8543,10
0351-2908,15
0934-0785,10
1118-146X,10
1670-5289,10
1476-7724,25
1105-4573,10
0017-1298,15
1527-9375,10
0017-1417,10
0734-3329,10
1215-8453,10
1362-7937,10
1437-9074,10
0017-1549,10
0352-7565,10
0017-2715,15
0764-8928,10
1106-1170,10
0376-5253,10
0165-9227,20
0017-3835,20
0017-3916,20
0017-4114,15
1011-3010,10
1526-3819,20
1018-5011,10
1871-7837,10
0984-2292,15
0777-5067,10
0072-9094,10
0342-5231,15
0210-7694,10
1215-4121,10
0345-4789,10
1124-1225,10
0142-0798,10
0930-0023,10
0250-7196,10
0774-3254,10
0779-8482,10
1378-2282,10
0774-8396,10
0070-0822,10
0440-0615,10
0073-0327,10
1093-4421,15
0073-0548,10
1558-4356,10
0073-0688,10
0017-8160,10
0230-0044,10
0146-4094,15
0360-9049,10
0956-2737,10
0311-4198,10
0259-7764,10
0073-1579,10
0073-1587,10
1612-3166,10
0885-4580,10
0017-9647,10
0750-8069,15
0017-9981,10
0017-999X,10
0160-0923,10
1790-1391,15
0018-0173,10
0018-0270,10
0276-3362,10
0393-6805,10
0273-0340,10
0174-2086,10
0018-0750,10
1139-7489,10
0018-0777,15
0904-1699,10
1432-2773,10
0440-7342,10
0018-098X,10
0175-3479,10
0073-2001,10
0379-7724,10
1682-3451,10
0951-5224,25
0105-8118,10
0172-956X,10
1130-0515,10
1138-7319,10
0018-215X,10
0018-2141,15
1468-2737,15
0018-2176,10
0982-1783,10
0221-6280,10
0440-8888,10
1633-2784,10
1254-728X,10
0991-2894,10
0018-2257,20
0752-5702,10
1623-5843,10
1108-3441,10
0018-2281,10
0018-2311,15
1130-2402,15
0212-0267,10
1579-8135,10
1724-6121,10
0214-2570,15
0556-1019,10
1132-189X,10
1137-0734,10
1136-1700,10
0210-7716,10
0018-2362,10
1045-4616,10
0018-2427,10
1382-3914,10
0440-9213,20
0142-3304,10
0950-3471,10
0173-2145,10
1362-1572,10
0323-0937,10
0440-9515,10
0018-2575,15
1210-6097,10
0351-2193,10
0302-5160,20
1570-3916,10
0942-8704,20
0936-5796,10
0935-3518,10
0018-2613,20
0018-2621,10
0167-9775,10
0018-2605,10
0943-691X,10
0345-469X,10
0046-7596,15
0106-4991,10
0018-263X,15
0935-560X,10
0275-7206,10
0269-9591,10
0957-0144,10
0734-1512,10
1478-0542,10
0018-2680,20
0819-8691,10
0191-6599,20
0740-0675,10
0308-7298,20
0143-781X,20
0018-2710,20
0307-5451,10
0144-5138,10
0729-154X,10
0309-2984,10
0018-2648,20
2046-5955,10
0350-6320,10
0921-5891,10
0166-2511,10
0018-3601,10
8756-6583,10
1740-6315,20
0094-9086,10
0439-5530,10
1972-2672,10
1105-2163,10
1330-7274,15
1331-3010,15
0018-7003,10
1021-7215,10
0393-9375,15
1028-7825,10
1367-8868,10
1524-8879,25
0870-080X,10
0774-2908,10
1828-2334,10
0871-1569,10
0319-7336,10
1567-9837,10
1218-7364,10
1588-2772,15
0018-7895,10
0167-9848,15
1403-8668,10
0949-2615,10
0393-5949,10
0160-1040,10
1133-9810,10
1577-3388,10
1720-1764,10
0018-9359,25
1846-8551,10
0860-5769,10
1125-3878,10
1122-8784,10
1123-8615,10
1727-2548,10
0363-1923,10
1135-4712,10
1780-678X,10
1731-450X,10
1778-3801,10
0255-8831,10
1463-9955,20
1134-136X,10
1365-4802,10
1373-4318,10
0360-4365,10
0971-9474,10
1971-2995,10
0390-2412,10
0169-3379,10
0037-3346,10
,10
0271-8022,10
0920-6949,10
0019-7289,10
1363-9811,10
1354-1455,10
0309-0728,10
1120-690X,10
1522-7227,25
0824-2577,25
0340-1774,10
1649-2412,10
1464-8172,15
0020-157X,10
0742-5627,10
1816-3920,10
1300-2899,10
1302-177X,25
0350-3437,10
1749-6977,10
0826-4805,20
1467-5986,10
1699-3187,10
0308-0188,20
1406-0701,10
1705-8546,10
0272-6122,15
1206-9620,10
0315-4149,10
0803-706X,10
0707-5332,20
1833-2595,10
0020-7047,20
1474-225X,15
0361-7882,20
1077-0755,15
1996-773X,10
0802-6106,25
1476-8062,20
1560-4292,10
1378-286X,10
1364-436X,20
1560-4624,10
0966-9760,25
1529-8094,10
1743-5234,10
0951-354X,25
0883-0355,25
0020-7209,20
0949-149X,20
1368-2679,10
1092-7697,10
1472-9466,10
1465-6612,10
1753-8548,10
1364-971X,10
0092-1815,10
1360-3124,25
0260-1370,10
0843-8714,10
0020-739X,20
1479-0718,25
1057-2414,10
0967-2559,10
1430-6921,20
1751-2808,10
0703-1580,10
0827-3383,25
1381-2416,10
1463-1652,10
1812-9129,10
1073-0508,15
0165-2516,10
1360-3736,10
1075-2455,10
0354-4362,10
0019-0365,15
1755-6198,10
1045-0920,10
0019-042X,25
0020-8566,25
0020-8582,15
0351-5796,15
0269-7580,10
0962-0214,10
0269-8595,25
0020-9252,10
0046-8428,10
0942-3028,10
1619-7569,10
1363-5387,20
1537-2456,10
0392-0224,10
1568-1181,10
1440-9151,10
0393-2451,15
0732-6750,10
1827-000X,10
1698-6989,20
0210-9425,10
1645-7587,10
0392-8357,10
1097-3710,10
0156-1316,10
0578-6967,10
0021-0870,10
0021-0889,10
0021-0978,10
1122-7893,10
1578-2042,10
0790-8342,10
1393-7979,10
0268-6112,10
0332-4893,10
1649-6825,10
0021-1214,10
1393-8592,10
1649-1335,10
0790-9667,15
0790-7181,10
0790-7850,10
0260-2067,10
0332-1460,10
0021-1389,10
0021-1400,10
0021-1427,10
1860-6083,10
0021-1486,10
1130-2097,10
0355-3108,10
0021-1818,10
0959-6410,10
0021-1826,10
0393-246X,10
0169-8729,10
0021-1842,10
0256-842X,10
0021-2059,20
0334-4401,10
1665-1715,10
1453-6943,10
0005-738X,10
0085-2295,10
0391-7495,10
1120-2726,10
0021-2954,10
0075-1634,10
0391-3368,10
0021-3020,10
1423-3983,10
0019-0810,10
2030-2231,10
0926-163X,10
0921-4895,10
0770-9145,10
0923-0254,10
0070-3104,10
0770-3104,10
1371-8142,10
1375-5692,10
1388-6649,10
1381-0065,10
1569-3724,10
1574-2334,10
1723-1582,10
0341-9150,10
0075-2207,10
0341-9177,10
0378-8660,10
0341-924X,10
0252-1881,10
0419-733X,10
0067-284X,10
2192-4538,10
1614-3809,10
0070-4415,10
1605-2773,10
0723-7871,10
0076-2741,10
0075-2800,15
0075-2541,10
0075-2614,10
0937-7107,10
1616-6485,10
1438-4752,10
0172-2727,10
0946-9559,10
0944-629X,10
0075-2681,10
0075-2711,10
1860-8248,10
1619-9588,10
1435-1358,10
0171-9904,10
0170-2025,10
0021-4019,15
1430-0494,10
0078-3579,10
0899-3114,10
0021-4183,15
0304-1042,20
0448-8954,10
0021-5597,10
0075-3572,10
0447-6425,10
0334-701X,10
0021-6682,20
0021-6925,10
0021-6933,10
1331-7202,15
0354-0448,15
0021-6941,15
1356-7128,10
0168-9193,10
1740-357X,10
1630-4586,10
0037-9174,10
0300-953X,10
1950-6929,10
0399-0346,10
1156-0428,10
0021-8103,10
0888-3203,10
1531-0485,10
1754-0194,10
0925-4560,10
0162-3532,25
0943-7592,10
0047-2212,20
0142-064X,10
0309-0892,10
0951-8207,10
1570-1727,25
1472-9679,10
0021-8510,10
0021-8529,10
1612-1651,10
1389-224X,10
1044-937X,10
0278-5927,15
0021-8715,10
0021-8758,10
1004-9371,10
1121-5275,10
1560-2168,10
1479-7887,10
1166-3081,10
1355-6207,20
1360-2365,10
1063-2921,15
0387-2807,10
0021-910X,10
0309-5207,10
1361-7672,20
0021-9231,20
1076-9005,10
0190-2008,10
0962-1377,10
0301-8121,10
0021-9657,10
0021-969X,20
0749-4025,10
1073-1687,10
0021-9894,10
1364-0429,10
1353-7903,25
1016-5584,10
1476-7430,10
0108-464X,10
0952-4649,10
0830-0445,10
1067-6341,15
1053-8151,25
1387-6813,10
1783-1555,10
0022-0469,10
1350-178X,10
0022-0558,10
1366-5456,10
1363-9080,25
0957-8234,25
0022-0620,25
1389-2843,25
1055-8896,10
1454-7668,10
0047-2395,10
0922-2936,10
1382-4554,20
0391-5115,10
0947-9511,10
8755-4178,15
0093-4690,25
0737-7037,10
1478-9957,25
0309-877X,10
0022-1325,20
0075-4250,15
1566-5844,10
0075-4269,10
0147-5460,10
0954-6650,10
1470-1847,10
0874-2677,10
0308-6534,10
0022-1791,20
0092-2323,15
0022-1864,10
1367-4587,10
0094-1956,10
1324-0781,10
1093-023X,25
1404-1634,20
0268-537X,10
0955-2340,10
0022-2097,10
1053-699X,10
0075-4277,10
1468-1145,10
1549-9502,10
0144-0365,10
1089-4160,10
0341-7638,10
0256-4718,15
0925-8531,25
1538-5264,10
1751-1348,10
1557-2285,10
0732-3123,25
1386-4416,25
1082-9636,10
0304-4181,20
0778-9750,10
0952-7648,10
1016-3476,20
1177-2484,10
0899-3718,10
0271-0137,20
0738-1727,10
0022-281X,10
0883-8534,20
0022-2909,10
0141-1896,15
0277-9269,15
1548-9248,10
0022-2968,20
1438-213X,10
1065-5840,10
0929-8215,20
0378-8180,10
0022-3344,20
1542-3050,15
0966-7369,10
0022-3611,10
1053-8364,15
0022-362X,10
0956-2834,10
1645-4537,10
1744-9855,10
0283-8486,10
1060-149X,10
0279-1072,25
0022-4103,10
1092-1311,10
0022-4200,20
0384-9694,10
0022-4227,20
1728-7715,10
0256-8543,25
1475-2409,25
1539-1523,10
1712-851X,20
0890-1112,10
1047-7594,20
0961-3684,10
0958-3491,10
0075-4358,20
1473-3536,10
1046-560X,25
1479-6651,10
1089-747X,10
1068-2090,10
0140-671X,10
1085-7478,10
0218-9593,10
1461-3190,10
0094-1700,10
1069-1898,25
1027-1015,10
0096-882X,10
0141-867X,20
0002-7189,10
0197-1360,10
0147-4413,10
0003-0139,20
0065-9991,10
0004-7554,10
0068-1288,10
0009-4595,10
0268-7518,10
0010-8731,10
1603-5313,10
1525-6790,15
0275-1275,20
0022-5002,25
0332-415X,10
0022-5037,10
0022-5053,10
0970-2814,10
0193-600X,10
0079-5321,10
0044-8370,10
1356-1863,15
0269-0403,10
0035-9106,10
0294-0442,10
1649-7341,10
0037-9808,20
0037-9816,20
1540-7942,15
0075-4390,10
0790-1828,10
0022-5185,10
1068-8471,25
0965-1861,10
1541-3446,10
1558-7282,10
0022-5266,10
1304-6020,20
1357-4809,10
1429-0618,10
1363-6820,10
1752-6272,10
1473-2971,10
0084-0254,10
1554-4788,10
1366-5626,25
1045-6007,10
0094-7679,10
1024-0454,10
0022-572X,10
0022-5738,10
0022-5762,10
0905-6998,10
0022-7498,10
1356-5109,10
0355-0303,10
1369-4154,20
0022-8877,10
0453-3429,10
0022-927X,10
0342-5517,10
0453-4387,10
0952-4142,10
0131-1441,15
1453-7400,10
1580-0261,10
1383-0384,10
0165-2346,10
0776-3824,10
0023-0707,10
1430-5372,15
1613-477X,10
0942-5403,20
0075-6199,10
0932-9951,10
0075-6334,15
1210-8510,10
0454-0689,10
0171-0834,10
0393-2230,10
0023-2785,10
0392-0887,10
0947-1553,10
1432-5306,10
0023-3609,15
1418-1592,10
0023-4567,10
0168-275X,15
0452-7194,10
1019-8288,10
0454-5354,10
,10
0340-7403,15
0239-4898,10
0023-4923,10
0221-5896,10
0781-5751,10
0356-3367,10
0023-5202,10
1102-7908,10
1616-1203,10
0454-6245,10
0106-5734,10
0342-0736,10
1421-086x,10
0452-8514,10
0023-5415,10
1439-0205,10
0023-5474,10
0177-3674,10
1010-3856,10
1406-2860,15
1303-3387,10
0907-6182,10
0023-5881,10
0023-5938,10
0439-4216,20
1016-362X,15
1567-6617,15
0193-3892,10
0398-9992,10
1724-9074,10
1120-9968,10
1972-7682,10
1970-9714,10
0029-6163,10
1593-7577,10
0031-2355,10
0961-5652,10
0165-8204,10
0143-3768,10
0277-2426,10
0458-7251,15
0181-4095,15
0458-726X,15
0790-8318,25
0957-1736,25
1574-020X,20
1387-6759,10
0023-8368,15
0770-2817,15
0884-3236,10
1010-7215,10
1045-6635,25
0888-5613,10
0047-4134,10
0163-0350,10
0023-8813,15
0023-8856,15
0023-9054,10
0210-0150,10
0938-5835,10
0027-2841,15
0226-0174,10
0771-6494,10
1824-5226,10
0041-1868,20
0143-7739,20
0790-3529,10
0143-7534,10
1387-1579,10
1358-1651,10
0023-9909,10
0075-8566,10
1352-3252,10
1122-4975,10
1524-1556,10
0169-4855,10
0013-7006,20
0153-0313,10
0961-1215,10
0024-094X,20
0870-6182,10
1670-3898,10
0025-5939,10
0374-0315,10
0943-2787,10
0210-3516,10
0277-4356,10
0897-7542,10
1724-613X,10
1971-906X,10
1724-0492,10
1125-1743,10
0024-1334,10
0920-9468,10
0024-1415,10
1783-1598,10
0075-8914,25
0024-1512,10
,10
2210-8823,10
0304-0003,10
0081-8933,10
1758-3489,10
0459-2980,10
0263-7189,10
1146-6480,10
1619-0548,10
0207-8694,10
1392-4028,10
1239-6826,10
0024-3523,10
0222-9838,15
0024-385X,10
0024-3868,10
0079-4740,15
1720-9331,10
0098-9053,10
0392-6907,10
0392-6915,10
0210-6345,10
0862-8432,10
0208-4228,15
0868-4731,10
0898-5898,25
0731-3500,10
1615-3014,10
0075-966X,10
1625-5194,10
0024-3930,10
0378-4169,20
1594-5359,10
0246-8743,10
0024-4457,15
1043-6928,10
1707-0228,10
0258-2279,10
0343-1657,10
0024-4643,10
0024-466X,10
0258-0802,10
0306-1973,10
0269-1205,15
0090-4260,15
0324-0495,10
0197-7261,10
0262-7817,10
0862-8424,10
0047-4800,15
0144-932X,10
1627-4970,10
0306-0837,10
0076-0188,10
0210-8615,10
0024-5585,10
0143-2974,20
1476-0290,10
1135-9722,10
1425-3305,20
1617-3473,10
0024-5836,20
1401-5439,20
1575-6866,10
0024-631X,10
1124-9064,15
0024-6964,10
1904-4135,10
0213-2338,10
0076-1435,10
1401-2189,10
0283-6874,10
1138-1329,10
0076-1508,15
0024-7413,10
0931-9484,10
0024-7421,10
0340-6210,10
0024-7499,10
0928-2378,10
2239-2068,10
1300-6444,10
0024-855X,10
0922-6567,10
0922-369X,10
1406-992X,10
1205-6197,10
0024-9955,10
1217-7768,10
0025-0090,10
1217-9833,10
0025-0228,10
0541-9298,10
0025-0236,10
0025-0260,10
0025-0384,10
0025-0538,15
0076-2725,10
0076-2792,10
0076-289X,10
0258-0446,10
0104-9313,20
0025-2603,10
0213-2397,10
0025-2638,10
1612-2941,10
0342-121X,10
0542-6669,10
0025-4606,10
0025-5025,15
0932-9714,15
1183-1073,10
0392-6338,10
0075-7039,10
0025-6285,10
,10
0085-3208,10
0085-7262,10
0770-1241,10
0772-1455,10
0923-7011,10
1652-4535,10
1368-8804,20
0076-5872,10
0862-979X,10
0872-0991,10
0934-7453,10
1424-3636,10
0584-4150,10
0731-3403,10
0076-6097,10
1358-2496,10
1614-435X,10
0143-3784,10
1536-8742,10
1475-4525,10
1366-0691,10
0959-2474,10
0751-2708,10
0076-6127,10
,10
1131-8155,10
0391-2566,10
0394-7858,10
1593-456X,10
1724-9090,10
0390-0711,10
1824-3010,10
1030-8482,10
1024-5375,10
1127-6061,10
0025-8385,20
0076-230X,10
0223-5102,10
1724-2134,15
1123-9891,10
1123-9883,10
1783-1628,10
0025-8911,10
0575-1330,10
0163-755X,20
0991-6679,10
0378-116X,10
1080-4013,10
0394-4115,10
1536-6936,10
1105-3399,10
0076-6615,10
0823-3993,10
0026-0452,15
0348-7903,10
0026-1068,10
1618-2006,10
1437-2053,10
0815-0796,10
0327-0289,10
0943-3058,20
1432-8534,10
0995-3310,10
0077-8958,10
0047-729X,10
0363-6550,15
0026-3826,10
1782-3404,10
0922-0887,10
0026-4326,10
1565-0618,10
0026-4423,10
1593-7879,25
0213-9634,10
1128-2134,10
0544-3733,10
0257-5779,10
1137-6368,10
0168-9789,10
0256-9507,20
10173-2471,10
0178-7896,10
1013-6800,10
0342-1295,10
0342-1287,10
0341-9142,10
0342-1279,10
0418-9744,10
0418-9698,10
0176-2354,10
0073-8484,10
0342-1201,10
1025-6555,10
1434-7091,10
1420-6994,10
0076-9762,10
0941-6382,10
1105-3917,10
1825-909X,10
0026-7074,10
0249-6267,10
0963-9489,10
0026-7503,10
0026-7694,15
0026-7724,20
1479-2443,10
1353-2944,20
0026-7929,20
0026-7937,15
0047-7729,10
0026-8232,10
0026-8402,10
0266-7177,10
1128-6326,10
0026-8577,15
0026-8666,10
1210-6860,10
0026-9271,10
0027-0741,10
0254-9948,10
0872-8747,10
0243-6450,10
1496-9343,10
1620-3224,10
1861-9053,10
0781-6790,10
1406-3867,10
1750-497X,25
0292-0107,10
0077-1899,10
0077-1910,10
0580-1400,10
0722-4532,10
0732-2992,10
0392-6931,10
0027-4054,15
0262-5245,10
1825-621X,10
0027-4224,10
1522-7464,10
0195-6167,10
1127-0063,10
1029-8649,20
0027-4631,10
0027-4666,15
1016-1066,10
0581-0558,10
0780-0703,10
0355-1059,10
0947-8302,10
0937-583X,10
0903-188X,10
1432-9425,15
0177-350X,10
0177-4182,10
0172-5505,10
1016-1333,10
1264-7020,10
0027-4909,10
1257-7537,10
0027-514X,15
0027-5247,10
0580-373X,15
0213-7674,10
0146-9339,10
1461-0434,10
0167-5357,10
0936-5761,10
0784-3844,10
0943-0849,10
0077-2704,10
1387-6805,10
0027-7835,10
1330-0059,10
0547-2504,15
1063-3685,10
0213-7305,10
0793-8934,10
0077-2887,10
1460-8944,10
0090-5992,10
0084-9308,10
1094-2076,25
0169-6726,10
0028-212X,10
0923-2370,10
0168-9088,10
1384-5829,15
1384-5845,10
0047-9276,10
1567-6633,10
0324-4652,10
0028-2677,10
0254-8356,20
0077-6599,10
1575-8621,10
0177-7750,10
0028-3517,10
1439-2712,10
0028-3754,15
1106-6601,10
0139-2190,10
0950-5814,10
1053-1297,10
1050-9720,10
0094-033X,15
1092-3977,10
0732-118X,25
0028-6087,10
1465-3737,10
0028-6885,10
0266-464X,15
1819-5644,10
0110-540X,10
0028-8276,25
0028-8322,10
1616-7422,10
0078-0537,10
0078-0561,10
0342-1422,15
0922-1344,10
1387-246X,10
1237-1645,10
0934-8913,10
0146-7891,10
1052-0406,15
0893-7931,10
1748-3727,10
1543-1002,10
0890-5495,15
0891-9356,10
1479-4098,10
1502-7694,20
1075-7163,10
0822-7942,20
0141-6340,10
0923-5817,10
0803-8740,25
0078-1037,10
1602-124X,10
1102-5824,10
0809-7291,10
0029-1463,10
0108-2914,10
0904-6380,10
0109-3967,10
1236-3839,10
0348-1646,10
1104-2176,10
0901-8050,10
1503-8599,10
0008-1345,10
0029-1595,10
0802-7285,10
0800-3076,10
0029-2052,10
0029-2176,10
0029-2397,10
0305-4659,10
0029-3652,10
0774-3327,10
0027-4380,10
0029-3970,10
0391-4364,10
0029-4586,10
0078-2122,10
0029-4624,10
1520-8583,10
0755-7752,10
0029-4845,10
0242-7702,10
0248-4951,15
1334-2312,15
1092-6690,10
0029-5132,20
0869-6365,10
0048-1009,10
0029-5337,10
0108-8416,10
1626-0252,10
1048-6380,10
1516-1021,10
0029-5973,10
0078-2696,15
0250-7838,10
0546-9422,10
0785-6776,10
0029-6147,10
0029-6155,10
0029-6228,10
0029-6236,15
1126-098X,10
0029-6295,10
1125-3894,10
0938-9539,10
0908-1410,10
0027-7126,10
0713-5815,10
0106-8040,10
0567-6223,10
1786-7428,10
0029-6791,10
0801-3756,10
1120-2513,10
0351-3947,15
1133-0481,10
1214-6463,10
1542-1619,10
0029-8115,20
0162-2870,10
1846-1204,15
0029-8514,10
0078-3714,10
0475-0047,10
0029-8654,10
0920-0665,10
1586-3719,10
0030-2651,10
0774-2827,10
0268-0513,25
1805-790X,10
0736-0053,10
0078-5520,10
0471-7309,10
0105-7510,10
1385-285X,10
0328-8188,10
0030-4492,10
1022-4610,10
0920-3192,10
1355-7718,10
0078-6500,10
1335-0668,20
0776-9350,10
0340-6407,10
0030-5278,10
0030-5367,10
0030-5375,15
0078-6578,10
0030-5448,10
0474-6805,10
0391-5832,10
0936-0271,10
1617-9404,10
1028-1495,10
0029-9375,10
1016-765X,15
0029-9626,10
0029-9669,10
1560-8670,10
0030-6487,10
1122-259X,10
0391-7487,10
0391-2639,10
0030-672X,10
1631-0438,10
0166-2058,10
0165-6465,10
0142-6540,15
0078-7191,10
0262-5253,10
0305-1498,25
0265-7651,10
0961-2149,10
0308-5562,10
0030-8684,20
0279-0750,10
0030-9273,10
0393-0149,10
0030-9435,10
0214-7300,10
0090-5674,10
0078-7809,10
0204-4021,10
0552-9344,10
1070-5465,10
0920-7422,10
1896-8244,10
1145-3370,10
1572-6622,10
1545-0031,10
0153-9345,10
0031-0328,10
1148-8158,10
0031-0387,15
0031-0506,10
1730-0215,10
1131-9267,10
1750-1954,10
0006-128X,15
0068-2462,15
0343-0758,15
1135-0504,10
0031-1294,15
1120-3404,10
1120-4737,10
1120-4745,10
0264-8334,10
0031-1731,10
1824-6249,10
0313-6221,15
0264-2824,15
0260-6755,10
0924-1779,10
0031-2320,10
0048-301X,10
1125-6486,10
0258-8331,15
1128-6342,10
1565-3668,15
1579-3311,10
0901-8883,10
1120-0650,15
1585-3802,10
0264-3944,10
0031-2789,20
0720-6259,10
0555-9308,10
0325-2280,10
1139-1723,10
1211-4669,10
1567-7109,10
0031-3815,10
1468-1366,25
1531-4200,10
0133-2570,10
0211-9587,10
0888-322X,10
1645-6971,10
1253-1006,10
0394-4131,10
1593-4861,10
0031-5117,10
0898-5952,10
1352-8165,15
0937-8391,10
0553-6707,10
0332-1592,10
0031-5842,10
1777-7852,10
0258-2236,25
0338-2338,10
0031-6016,10
1063-6145,10
0907-676X,10
0869-8198,10
1819-1983,10
0342-8117,10
1380-2240,10
1568-7759,25
1451-5342,10
0204-8779,10
0031-7977,10
1433-7177,10
0031-7985,15
1529-1634,10
0031-8027,10
0031-8035,10
1281-2463,20
0048-3893,20
0379-8402,10
0872-4784,10
0031-8051,10
1386-9795,10
0031-806X,15
0190-0536,10
1533-6077,25
0556-8641,10
0031-8108,25
0031-8116,25
0276-2080,15
0294-1805,10
1634-4561,10
0316-2923,10
0031-8159,10
0031-8183,10
0031-8191,20
0190-0013,10
0031-8205,10
0031-8213,10
0191-4537,20
1071-6076,10
0031-8299,15
1751-4517,10
0081-6442,10
0031-8868,10
0031-921X,10
1971-9035,10
1458-7467,10
0731-0455,10
0961-1371,10
1105-073X,10
0030-8129,25
0272-0965,10
1543-1789,10
0303-4178,15
0506-7715,10
0333-5372,25
0032-2024,15
1215-6582,10
1653-4964,10
0142-257X,10
1130-0728,10
0079-2993,10
0032-2970,10
0860-5882,10
1470-594X,20
1013-8501,10
1594-1663,10
0556-0691,10
1013-4247,10
0873-1861,10
0261-1430,10
0551-5343,15
1234-1533,10
0871-4290,10
1521-804X,10
0267-5315,15
0941-4711,10
1368-8790,10
1705-9100,10
0079-4236,10
0351-9767,10
0137-2459,10
0458-1520,10
1105-0969,10
0938-5320,10
0165-5411,10
0555-0238,10
1542-8109,10
1167-492X,10
1211-7250,10
0393-0157,15
0048-5195,10
1330-0644,10
0555-1145,10
0933-5749,10
0351-1189,15
0032-8472,10
1808-1711,15
0867-5392,10
0265-8305,15
0353-0329,10
1566-7146,10
1219-1639,10
1127-2570,10
0066-7374,10
0309-7013,10
0270-8647,10
1059-986X,10
0068-1202,10
1108-149X,10
0079-497X,10
0035-8991,10
0370-1662,10
0308-8421,10
0081-1564,10
0968-2112,10
1019-5610,10
0391-2698,10
0272-9601,10
1743-9426,15
1358-6785,10
0394-0802,15
0300-3523,10
1643-2045,10
0033-2178,10
0033-2283,10
1230-4379,10
1332-0742,20
1873-1791,10
0342-183X,20
0275-3987,10
1465-5187,10
0272-3433,10
1016-4286,10
0959-3683,10
1458-3410,10
0278-1891,10
0079-8215,10
0951-8398,25
0392-1840,10
1724-1898,10
1124-8602,10
0079-8258,10
0393-1226,10
0391-6936,10
1722-5043,10
0033-4960,10
1120-2467,10
0301-6307,15
1420-1739,10
0033-4987,10
0211-5557,15
1135-9730,10
1138-5790,20
0014-9527,10
1379-2547,10
1427-4418,10
1478-0887,10
0968-4883,25
1353-8322,10
0375-7471,10
0929-8592,10
0079-9068,10
0774-5524,10
1041-8385,10
1579-7414,10
0315-9906,10
0163-6545,10
0165-4322,15
1330-0474,10
1720-2396,10
0048-671X,10
0909-8976,10
1331-6745,15
0033-9423,10
0033-9571,10
1122-5580,10
0033-9725,10
0033-9873,10
0034-0006,10
0952-1917,20
0950-3129,10
0886-0246,10
0486-0993,15
1120-5741,10
0210-380X,10
0988-1824,15
0557-6989,10
0484-0887,10
0034-1258,15
1370-7493,10
0246-9367,10
0399-1989,10
1377-9613,10
0986-6124,10
0229-8651,10
0769-0886,10
0754-331X,10
0165-0831,10
1619-4993,15
0034-1398,10
0862-6901,10
1462-2459,10
0925-4757,10
1783-6425,10
1134-4032,10
1210-3640,15
1180-0135,10
0048-721X,10
0963-7494,25
0173-0339,10
0108-1993,10
0034-4087,10
0034-4125,10
2072-8662,10
0486-3720,10
0034-429X,15
0486-3739,15
1362-1149,10
0034-4338,20
0269-1213,20
0034-4346,15
0393-2931,10
1000-3193,10
1157-1330,10
0755-7817,10
0070-2374,10
0137-2904,10
1576-4184,10
1356-4765,10
0277-1322,10
0034-5210,10
1470-112X,25
0363-3268,10
0085-5553,10
1359-6748,10
1570-7075,10
1321-103X,10
0048-7384,10
0162-9905,10
1050-4877,10
1303-5304,10
1572-0268,10
1071-4413,10
1568-4857,10
0034-673X,20
0267-6834,10
0890-5762,15
0093-8157,20
1408-3566,10
0214-4808,10
0103-6963,10
0384-8167,10
0211-5913,10
0210-5551,10
0048-7651,10
1132-8312,10
1645-4936,10
0871-1682,10
0871-164X,10
1131-558X,10
0210-9581,10
1130-2496,10
0252-8843,15
1696-702X,10
0034-7981,10
0871-3928,10
1578-7486,10
0034-8198,10
1133-0406,10
0210-9174,20
0212-999X,10
0034-8344,10
1697-3305,10
0211-0040,10
0214-0993,10
0212-5862,10
1850-6550,10
1413-0874,10
1645-2259,10
0870-0958,10
0870-6077,10
0034-8341,15
1134-4539,10
1886-2438,10
0034-849X,15
1130-3611,15
0212-5056,15
0210-1459,10
0034-8635,10
1137-8905,10
0035-6603,10
1698-7454,10
0556-6533,10
1137-8654,10
0210-1874,10
1989-7448,10
0210-7112,10
0034-9631,15
1132-9432,10
0872-2587,10
1579-9425,15
1018-0443,10
1665-2436,20
0870-0206,10
0874-2782,10
0871-9187,10
0870-4139,10
0870-5283,10
0870-4147,10
0871-9705,10
0870-418X,10
1016-2461,10
0035-0737,10
1266-7706,15
0767-709X,10
0752-5656,10
1951-6207,10
0557-7705,10
0035-077X,10
0771-6788,10
0774-5885,10
0035-0893,10
0035-0907,15
1768-9260,15
1266-0078,10
1416-6399,10
0035-2381,15
0035-2411,10
0399-1237,10
0373-6032,10
0556-7378,10
0035-1326,10
0035-1423,15
0035-1458,15
0035-1466,10
0035-1571,10
0035-1601,10
1155-4452,10
0035-1652,10
0771-5420,10
0035-1725,10
0035-1776,15
0035-1784,10
0035-1849,10
0035-2004,15
0080-2549,10
0035-2012,10
0766-5598,10
0035-2039,10
0035-2047,10
0484-8616,15
0373-5737,10
0080-2557,10
0223-3711,10
1992-2116,10
0761-3571,10
0751-5804,10
0035-2209,15
0035-2217,10
0035-2292,10
0048-7988,10
1622-468X,10
0373-6075,10
0035-2365,10
1291-2530,10
1265-1354,10
0048-8003,15
0035-2608,10
0997-1327,10
1145-2153,10
0035-2624,15
1166-486X,10
0556-7807,20
1776-3061,10
0037-9212,10
2162-1888,10
0035-3264,15
0035-3280,10
0048-8143,15
1254-4590,10
0772-9235,10
0254-8186,10
0035-3620,10
0484-8942,10
1373-1955,10
0035-3833,15
0035-3841,10
0035-3906,15
1454-3494,10
0556-8080,10
0080-2654,10
0035-4295,10
0035-4473,10
0035-449X,15
0734-8584,10
1397-0534,10
1533-8541,15
1312-3963,10
1771-1347,10
1463-9505,10
0391-9099,15
0391-6081,10
0392-7202,10
1120-9526,10
0392-162X,10
0212-4068,10
0035-5267,10
1330-0377,10
0815-7251,10
0080-3073,10
2038-6680,10
0982-0582,10
0461-5050,10
1128-0689,10
1670-0139,10
0035-5798,10
0392-4866,10
0392-5285,10
1724-238X,10
0035-6042,10
0035-6085,10
0035-6212,15
0035-6220,15
1591-2922,10
0035-6239,10
0035-6247,10
1724-0638,10
0391-2108,10
1592-1328,10
0035-6514,10
1827-7365,15
0390-6744,10
0035-6557,10
0393-2516,10
1126-4772,10
0035-6573,10
0393-3415,10
0557-1367,10
1129-4205,10
1125-520X,10
1122-6331,10
1128-6369,10
0035-6867,10
1124-8890,10
1120-8856,10
0300-340X,10
0035-7073,15
0765-0507,10
0813-0426,25
0080-3472,10
0509-6936,10
0557-2231,10
0295-5024,10
0035-7995,15
0035-8002,10
0883-1157,15
0263-9904,10
0035-8118,10
0872-5675,10
0035-8126,15
0343-379X,15
0800-3898,10
0080-3898,10
1748-0116,10
1354-991X,15
1467-1255,10
0048-8593,15
0080-3790,10
0035-7812,10
0940-7855,10
0342-2046,10
0098-647X,10
0869-6063,10
1472-3808,10
0035-9602,10
0483-4992,10
1124-5344,10
0870-0672,10
0036-0163,10
1060-9393,15
0304-3487,10
0304-3479,15
0036-0341,20
1029-1717,10
1061-1975,10
0131-6095,10
1681-1062,10
0781-7452,10
0080-5157,10
0945-2842,10
0771-7776,15
0080-5319,15
0256-8411,10
0305-9219,10
0392-713X,10
0210-3729,10
0036-3529,10
0036-3537,10
0348-6133,10
0927-3131,10
0392-5099,10
1077-5943,10
0332-1169,10
0375-3050,10
1013-4255,10
1600-1974,10
0036-5246,10
0036-5335,10
0231-7567,10
1211-4979,10
1211-6335,10
0231-7710,10
0358-5522,10
0901-8328,10
0346-8755,10
0036-5637,15
0036-5653,15
0080-6765,10
0392-5404,10
0036-6145,10
1424-1854,10
1363-2434,10
0080-6935,10
1617-6340,10
1661-4550,10
0259-3165,10
0016-5565,10
0035-4163,10
1424-3946,10
0036-7834,10
1661-3880,10
1121-9122,10
0091-7729,15
0786-3012,10
0036-8555,10
0755-9593,10
0294-0264,10
1431-5041,10
1123-5713,10
1471-5767,10
0262-4389,10
1358-0264,10
0266-7428,10
0036-9306,10
1472-6041,10
1745-3186,10
0190-731X,10
1332-4853,10
1312-238X,10
0334-4509,10
0325-6669,10
0358-710X,10
0582-3234,10
1854-2042,10
0036-973X,10
0036-9764,15
0036-9772,15
1366-2724,15
1135-7789,10
1438-9495,10
0037-0894,15
2037-0245,10
1126-3393,10
1828-2148,10
1774-4466,10
1132-631X,10
0095-571X,10
1123-4075,10
1129-5953,10
0093-9579,10
0037-1998,10
0154-6902,10
1130-5509,15
0582-673X,10
1745-8927,10
0771-8934,10
0265-1068,10
0037-3052,10
1745-0918,10
0748-2558,10
0037-3222,20
0582-9399,15
0080-9152,10
1216-7827,10
0956-3083,10
0037-3583,10
1361-7362,10
1825-4780,10
1724-9112,10
0037-4571,10
1480-0926,10
0175-0046,10
1569-996X,10
0302-1475,10
1128-2118,10
0080-9594,10
0917-1614,10
0037-5411,10
1063-2042,10
0259-6415,10
1127-2619,10
0037-5756,10
1554-8953,10
1120-9550,15
0361-0160,15
0342-8427,10
1455-0334,10
1336-7811,10
1105-1582,10
0256-8446,10
1456-8438,10
0037-6736,15
0037-6752,15
0583-5356,10
0771-1395,10
0037-6787,10
1592-0291,10
0350-6894,20
0037-6795,15
1361-7427,10
0037-6833,10
1335-0544,10
0037-6922,10
1335-0102,10
0231-6722,10
0037-6973,10
0037-6981,15
0037-699X,10
1408-2616,10
1335-1303,10
0583-6255,10
1214-7915,10
0246-217X,10
0144-8722,10
0155-977X,25
0964-0282,10
1681-4363,15
0307-1022,10
0037-802X,10
0969-4331,10
0391-6987,10
0985-5939,10
1750-8649,10
1318-6728,10
0342-7366,10
0038-1527,15
0357-816X,10
1210-7050,10
1712-9125,10
0737-4453,10
0038-1969,25
0258-509X,10
0142-4688,10
0038-4283,20
0038-4291,15
1660-2870,10
1670-3723,10
1571-0718,20
1387-5868,20
0169-1015,10
0954-0822,10
0038-7134,20
0038-7142,10
0940-0478,10
0195-9468,10
0038-7479,10
0722-7833,10
1746-0263,10
1617-7606,10
0376-401X,10
0038-8483,10
1218-5736,10
0344-8169,15
1101-1165,10
0906-9976,10
1029-1830,10
1796-5551,10
0039-3770,10
0585-0118,10
0172-4029,10
1872-0676,10
0204-868X,10
0351-4536,10
1570-1824,10
1546-007X,10
0924-7025,15
0392-8926,10
0392-4513,15
1125-0194,10
1128-2339,10
0351-0840,10
0039-2324,10
0039-2618,15
1124-6286,10
0081-6124,10
0391-7835,10
0391-4151,10
0392-5218,10
0393-8417,10
0049-2361,10
0085-6827,10
0039-2936,15
0391-7762,10
0039-2944,15
0585-492X,10
0390-6809,10
0039-2987,10
1123-4938,10
1720-5778,10
0394-3569,10
1125-0321,10
0391-8467,10
1126-6651,10
0391-7789,10
1128-0107,10
0303-4615,10
1972-473X,10
1128-2045,10
1724-6164,10
0039-2995,10
0081-6248,10
0392-7326,10
0039-3037,15
1828-2156,10
0081-6256,10
0392-0437,10
0393-2532,10
0280-8633,10
0081-6353,10
1104-5515,10
0323-2220,10
1224-8789,10
1026-9169,10
1417-4340,10
0081-6477,10
1580-8122,10
0213-2060,10
0213-2052,10
0213-2079,15
0213-2087,10
1406-6203,10
0221-5004,10
0585-5292,10
0258-3828,10
1221-5163,10
0039-3185,10
0039-3193,10
0562-2867,10
0039-3207,10
0080-3987,10
0039-3258,15
0332-5024,10
1788-6244,10
0137-5318,10
1214-8407,10
0039-3274,15
1582-5647,15
1052-4533,10
0081-6825,10
0039-3339,10
0081-6884,10
1213-5372,10
0139-0287,10
0137-6608,10
0039-3363,10
0781-3333,10
1212-1509,10
1216-0016,10
0179-3896,10
0039-338X,10
1220-0492,10
1224-8746,10
1230-3275,10
1230-5057,10
0081-7147,10
1211-1457,10
0303-4224,10
0340-2215,10
1555-7839,10
0039-3533,10
0091-8083,15
0271-9274,10
0380-6995,10
0904-2431,10
0953-9468,10
0424-2084,10
0191-491X,25
0360-2370,10
0039-3657,10
1369-8486,25
0148-1029,10
0926-2326,10
0730-9139,10
0860-150X,15
0039-3738,15
0039-3746,20
0008-4298,15
0039-3762,20
0039-3789,10
0169-0124,10
0190-2407,10
1069-8825,10
0266-0830,10
0091-7338,10
0039-3819,10
0039-3827,20
1364-5145,15
1354-9901,10
0435-2866,10
0923-2842,10
0081-8844,10
1453-7427,10
0081-8887,10
0567-6118,10
0039-3983,10
1220-4781,10
0039-405X,10
0567-6312,10
0567-6320,10
1011-8845,10
0760-9353,10
1876-9055,10
0942-2919,20
0039-4238,20
0169-7463,10
0049-2426,20
0081-9077,10
0143-4896,10
0355-0214,10
0355-3930,20
0356-0767,10
0355-1822,10
0355-1806,10
0309-7803,10
0143-8204,10
0586-0296,10
0106-5378,10
0283-0302,10
0039-6761,15
0081-9816,10
0347-1837,10
0862-8440,10
0082-044X,10
1362-7902,10
1972-6538,10
1502-7805,10
0082-0660,10
1812-7509,10
0039-7709,10
0352-7875,15
0039-7946,20
0294-7080,10
0039-8098,10
0324-8232,10
1105-1663,10
0039-8691,10
1991-2498,10
0355-1938,10
0165-2486,10
1886-9440,10
0393-0270,10
0334-3650,10
1015-1826,10
0257-4152,10
1392-2831,10
1026-4361,10
0737-5328,10
0951-7626,10
1047-6210,25
0040-0599,10
0040-0610,10
0092-055X,20
0141-982X,10
0332-205X,10
0161-7249,15
0040-117X,10
0248-6016,10
1106-661X,10
0867-0633,15
0334-4355,25
0932-8408,10
1263-588X,10
0213-084X,10
1132-0877,10
0497-1817,10
0213-6023,10
0040-2982,15
0214-7351,10
1576-9216,10
0040-3555,15
0210-1602,20
1130-3743,20
1122-1259,15
1210-0250,10
1505-8808,10
0760-5668,10
1573-1936,10
1072-4303,10
1123-4660,10
1128-238X,10
0040-4691,10
1046-2937,20
0165-4888,10
1496-0958,10
0105-7014,10
0040-5329,15
1420-1496,10
0940-9459,10
0715-8920,10
1384-0398,10
0040-4969,10
1676-7446,10
1133-9829,10
0950-236X,10
0776-0116,10
0706-5604,10
1219-2589,10
1467-2006,10
0008-7912,15
0008-8080,10
1460-6925,20
0951-7200,10
1934-8908,10
0018-1196,15
0143-9685,15
0021-1257,10
0261-4340,10
0009-5141,10
0307-5133,15
0862-8351,10
1783-9025,10
0022-4189,10
0007-1773,25
1752-1963,10
1557-2021,10
0024-2160,10
0779-5815,10
0025-3359,20
0026-9662,10
1533-7472,10
1183-112X,10
0031-8094,10
0032-6585,10
0034-6632,10
0268-117X,15
1465-5098,10
1025-3386,10
0276-5683,10
0732-393X,10
0148-7132,10
0141-0016,10
0263-1776,10
1357-4949,10
0043-8006,15
1527-196X,15
1060-5320,10
0192-2882,20
0040-5523,10
1196-1198,10
0307-8833,10
0040-5574,15
1802-2502,10
0212-8365,10
0040-5612,10
,10
0872-234X,10
0040-5639,10
0040-5655,10
1572-5057,10
0342-2372,10
0040-5671,10
0342-1430,15
0040-568X,10
0040-5698,10
0040-5701,10
0040-5663,10
1474-6700,10
0040-5736,10
0040-5825,20
0867-4159,10
1554-1312,10
0495-4548,20
1865-343X,10
1866-9514,10
0741-6156,10
0040-604X,10
1356-921X,10
0952-8822,15
1787-1417,10
0268-5418,10
0040-6325,10
1654-5443,10
1104-0556,10
0809-6341,10
1502-7473,10
1603-5925,10
0040-7194,10
0906-3021,15
0775-9770,10
0356-3677,10
1699-7778,10
1383-7079,10
0040-750X,10
1388-3186,10
0040-7518,15
0771-2111,10
1572-0179,10
0168-1095,10
1387-649X,10
0922-3312,10
0040-7550,15
0165-0947,10
0771-9825,10
1571-8190,15
0168-2148,10
1572-1701,20
1573-9775,10
0168-9959,10
0927-3336,10
0167-9988,10
1670-4916,10
1670-5548,10
0133-1167,10
1022-6966,10
1577-6921,10
1161-9473,10
0167-7411,10
0942-752X,10
0495-8772,10
0040-9588,10
0040-9634,10
0082-5433,10
0362-1529,10
1050-2092,10
0352-0447,20
1248-9433,20
0778-8304,10
0496-0661,10
1560-182X,10
0360-5949,10
0068-6611,10
0855-191X,10
0959-3632,10
0076-0501,10
0306-0926,10
0079-1636,10
0080-4401,10
0996-5904,10
1027-8087,10
0968-1361,10
1697-0101,10
1286-9449,10
0082-6049,10
0775-3373,10
0995-6794,10
0577-1471,10
1621-0360,10
1420-4355,10
1866-7473,10
0041-2945,10
0041-2953,10
0041-3097,10
0214-4212,10
1577-5003,10
1132-2373,10
0791-1017,10
0130-464X,10
1386-5870,10
1420-7834,10
0835-8443,10
1384-5721,10
0732-7730,10
1406-4030,15
0564-5042,10
,10
0564-5050,10
1300-3372,10
1302-6011,10
1431-4983,10
0255-2981,10
1216-7258,10
0085-7440,10
1353-1964,10
0955-2359,10
0041-462X,15
1010-9161,10
0041-476X,15
0900-226X,10
0133-5332,10
1215-1807,10
0130-5247,10
0082-7355,10
0049-5123,15
0340-4099,20
1022-4629,10
0894-6019,10
0143-9154,10
0963-9268,10
0042-1235,10
1406-6564,10
1102-6472,10
0953-8208,10
1045-991X,10
0169-5886,10
1573-3084,10
0782-033X,10
1136-6834,10
0213-2095,10
0925-9384,10
0042-3254,10
1125-1735,10
0210-377X,10
0182-5887,10
1585-079X,10
1013-1973,15
0305-5477,10
0256-9604,10
0770-786X,10
0042-4447,10
0321-0391,10
1121-9696,10
0042-4935,10
0083-5897,15
0042-5079,10
1060-1503,10
0709-4698,10
0042-5206,10
0848-1512,10
0042-5222,10
0886-3865,10
0929-6328,10
0340-8728,10
0507-7230,10
0042-5702,20
0042-6032,10
0332-608x,10
1782-7183,10
0294-1759,15
0042-6806,15
1026-8340,10
0894-9468,10
1058-7187,10
1471-4787,10
0197-3762,15
0042-7543,10
1845-7789,10
0378-5068,10
0318-9201,10
0775-3128,15
0922-7865,10
0921-3961,10
0042-8779,10
0373-658X,15
0042-8795,10
0042-8841,15
0042-899X,10
1213-1733,10
0042-9945,10
1545-6196,10
0083-7105,10
0269-0055,15
0043-2199,15
0043-2431,10
0043-2539,10
1431-2379,10
0257-9332,10
0942-704X,10
0043-3462,15
0043-3845,15
0043-4337,10
0083-9027,10
0083-9043,10
0140-6728,10
0774-532X,10
0137-9658,10
0083-9965,10
0083-9981,10
0084-005X,10
0084-0076,10
1681-701X,10
0043-5597,20
0262-6608,10
0084-0416,10
0935-879X,10
0774-8523,10
0340-6318,10
0342-4340,10
0270-7993,10
1090-7505,10
8755-4550,10
0740-770X,10
1077-825X,10
0732-1562,10
0957-4042,15
0969-9082,10
0085-8269,10
0961-2025,10
0049-7878,15
1080-9317,10
0043-7956,10
0266-6286,20
0043-8243,10
0196-3570,10
0043-8774,10
1441-340X,10
0043-941X,10
1387-6732,20
0342-5932,10
0394-4859,10
0084-330X,10
0044-0078,15
0893-5378,10
1043-9366,10
0044-0175,10
1538-6619,20
0740-1558,10
0890-2917,10
0096-848X,10
0929-7286,10
,10
1388-3720,10
0278-7687,10
1683-3082,10
0084-4276,10
0892-9092,20
1377-5294,10
0352-5724,10
1330-7134,10
0584-9888,10
1334-5982,10
1863-9690,10
1133-844X,10
1612-6033,10
0341-0137,15
0323-4096,10
0323-4045,10
0012-1169,10
0044-2135,10
0083-5587,10
0342-3131,10
0437-5890,10
0949-9571,15
0044-2674,15
0340-0174,10
0044-3549,15
0044-2194,10
0044-216X,20
0932-4461,10
0948-0587,10
0044-2305,15
0340-0824,10
0084-5299,10
0044-2186,10
0044-2356,10
0044-2364,10
0174-0830,10
0084-5302,10
0044-2496,15
0044-2518,15
1619-6686,10
0044-2526,10
0044-2607,10
0044-2615,10
0049-8637,20
0044-2747,10
0946-5596,10
0939-7299,10
0323-7982,15
0301-3294,15
0044-2828,15
0722-8856,10
0513-9066,10
0930-9381,10
0932-2221,10
0044-2895,15
0301-6811,10
0044-2925,10
1616-3443,20
0044-2992,15
0049-8653,15
0940-5569,20
0044-3123,10
0250-6459,10
1016-264X,20
0948-8294,10
1437-7160,10
1424-845X,10
0084-5388,10
1617-6391,10
0044-3301,15
0044-3409,25
0044-3441,10
0943-8610,10
0049-8661,15
0044-3476,10
0170-6241,20
0044-3492,10
0044-3506,15
0044-3514,10
0342-2852,10
0044-3700,15
1615-2581,10
0044-3786,10
0139-0732,10
0514-7336,20
0176-7887,10
0350-5774,10
0578-1949,10
0341-5864,10
0514-7727,10
1210-5538,10
0254-4407,10
0323-9942,10
